Name,Duplicate,Spellings_semicolon_separated,Aliases
{d}PA-UR.SAG,FALSE,{d}PA-UR.SAG,
{d}UTU-bani,FALSE,{d}UTU-ba-ni,
{d}UTU-GAL,FALSE,{d}UTU-GAL,
A-<gap>-ku-<big_gap>,FALSE,A-<gap>-ku-<big_gap>,
A-áš-be-el,FALSE,A-áš-be-el,
A-bi4-ra-<gap>,FALSE,A-bi4-ra-<gap>,
A-dí-bu,FALSE,A-dí-bu,
A-ha-tí-e,FALSE,A-ha-tí-e,
A-na-ar,FALSE,A-na-ar,
A-na-na-ar-tim,FALSE,A-na-na-ar-tim,
A-nu-li,FALSE,A-nu-li,
A-šu-ra-an,FALSE,A-šu-ra-an,
A-ta-dí-a,FALSE,A-ta-dí-a,
A’ahšu,FALSE,a-a-ah-šu; a-a-ah-šu-nu,
A’ahšunu,FALSE,a-a-ah-šu-nu,
Ab-lamassī,FALSE,a-bi-la-ma-sí; áb-la-ma-a-sí; áb-la-ma-a-sí-i; áb-la-ma-sí; áb-lá-ma-a-sí; áb-lá-ma-a-sí-i; áb-lá-ma-sí,Ab-lamassi
Ab-šalim,FALSE,Áb-ša-lim,
Aba,FALSE,A-ba; a-ba-a,
Aba-<big_gap>-iš,FALSE,A-ba-<big_gap>-iš,
Aba-<gap>,FALSE,A-ba-<gap>,
Aba-ahī,FALSE,A-ba-a-hi,
Aba-il,FALSE,A-ba-el,
Aba-šalim,FALSE,a-ba-SILIM,
Aba-waqar,FALSE,A-ba-qar,
Ababa,FALSE,A-ba-ba; A-pa-pa,
Ababāya,FALSE,A-ba-ba-a-a,
Abalala,FALSE,A-ba-lá-lá; A-ba-lá-lá-a,
Abānum,FALSE,A-ba-ni-im,
Abaraya,FALSE,,
Abari,FALSE,A-ba-ri,
Abarna,FALSE,,
Abarzizum,FALSE,A-bar-zi-zi-im,
Abasia,FALSE,A-ba-sí-a,
Abatanānum,FALSE,a-ba-ta-na-nu-um; a-ba-ta-na-num,
Abatar,FALSE,a-ba-tár,
Abatim,FALSE,A-ba-tum; A-ba-tim,
Abattu,FALSE,A-ba-du-um,
Abattum,FALSE,A-ba-tum; A-ba-tim,
Abātum,FALSE,A-ba-tum; A-ba-tim,
Abāya,FALSE,A-ba-a-a,
Abāya-ahu,FALSE,,
Abazi,FALSE,A-ba-zi,
Abaziašu,FALSE,a-ba-zi-a-šu; a-pé-zi-a-šu,
Abazu,FALSE,Ab-ba-zu,
Abba,FALSE,Ab-ba,
Abduata,FALSE,a-áb-du-a-ta; ab-du-a-ta; áb-du-a-ta; áp-du-a-ta,
Abed-Ištar,FALSE,Ab-di-Ištar,
Abela,FALSE,A-bi-la; a-be-i-lá; a-be-la,
Abeli,FALSE,a-be-li-i,
Abi-a’a,FALSE,A-bi4-a-a,
Abi-anum,FALSE,A-bi-a-num; A-be-a-ni-im,
Abī-Anum,FALSE,A-bi-a-num; A-be-a-ni-im,
Abī-Aššur,FALSE,A-bi4-A-šùr,
Abī-Aya,FALSE,A-bi-a-a; A-bi4-a-a,
Abī-baštī,FALSE,a-bi-ba-áš-tí; a-bi4-ba-áš-tí; a-bi4-i-ba-áš-tí,Abī-bāštī
Abī-dūrī,FALSE,A-bi-du-ri,
Abī-Ea,FALSE,A-bi-me-a,
Abi-ili,FALSE,A-bi-ì-lí; A-bi4-DINGIR; A-bi-lí,
Abi-ilī,FALSE,A-bi-ì-lí; A-bi4-DINGIR; A-bi-lí,
Abī-ilī,FALSE,A-bi-ì-lí; A-bi4-DINGIR; A-bi-lí,
Abi-lamassi,FALSE,A-bi-lá-ma-sí,
Abi-lamassī,FALSE,A-bi-lá-ma-sí,
Abī-lamassī,FALSE,A-bi-lá-ma-sí,
Abī-lamdum,FALSE,a-bi-la-am-dum; a-bi4-la-am-dum,
Abī-nāṣir,FALSE,a-bi-na-ṣir; a-bi-na-ṣé-er; a-bi4-na-ṣí-ir,
Abī-nimrī,FALSE,a-bi4-ni-im-ri,
Abi-rušakim,FALSE,a-bi-ru-ša-ki-im; a-bi-ru-ša-kim,
Abī-ṣura,FALSE,a-be-zu-ra; a-bi-ṣu-ra; a-pì-zu-ra,
Abī-ṭāb,FALSE,A-bi-DU10,
Abī-tukultī,FALSE,A-bi-tù-kul-tí,
Abī-waqar,FALSE,A-bi-wa-qar; A-bi-a-qar,
Abī-wēdum,FALSE,a-bi-we-du; a-bi-we-du-um; a-bí-we-dum,
Abia,FALSE,,
Abiat,FALSE,a-bi-a-at; a-bi-at; a-bi4-at; a-pí-a-at,
Abiati,FALSE,a-bi-at-i,
Abihu,FALSE,,
Abikunu,FALSE,,
Abila,FALSE,A-bi-la,
Abilia,FALSE,A-bi-li-a; A-be-li-a,
Abimani,FALSE,,
Abinara,FALSE,a-bi-na-ra; a-bi4-na-ra,
Abirba,FALSE,a-pè-er-ba; ab-ir-ba,
Abirih,FALSE,A-bi-ri-ih,
Abisamutim,FALSE,a-bi4-sá-mu-tim,
Abisamutum,FALSE,a-bi4-sá-mu-tim,
Abišawari,FALSE,,
Abiya,FALSE,A-be-e; a-bi-a; A-bi-a-a; A-be-a-a; A-be-i-a-a; a-bi4-a; A-bi4-a-a,
Abiziašu,FALSE,a-bi-zi-a-šu; a-pè-zi-a-šu; a-pè-zi-ah-šu; a-pé-zi-a-šu,
Abluhul,FALSE,Áb-lu-hu-ul,
Abšeni,FALSE,Áp-ší-i-ni,
Abu,FALSE,a-bu; a-bu-ú,
Abu-lamassī,FALSE,a-bu-la-ma-sí; a-bu-lá-ma-sí,
Abu-šalim,FALSE,A-bu-ša-lim,
Abu-ṭāb,FALSE,A-bu-hi; A-bu-DU10,
Abu-waqar,FALSE,A-bu-qar,
Abua,FALSE,a-bu-a; a-bu-a-a; a-bu-ú-a,
Abuani,FALSE,A-bu-a-ni,
Abuattil,FALSE,a-bu-at-il,
Abubu,FALSE,A-bu-bu,
Abula,FALSE,A-bu-lá-a,
Abulāya,FALSE,a-bu-la-a; a-bu-lá-a,
Abulu,FALSE,a-bu-lu,
Abum-ilī,FALSE,A-bu-um-DINGIR; A-bu-um-ili,
Abum-ilum,FALSE,A-bu-um-DINGIR,
Abuna,FALSE,a-bu-na; a-pu-na,
Abunakia,FALSE,a-bu-na-ki-a,
Abuni,FALSE,a-bu-ni; a-bu-ni-i,Abuna
Abuqar,FALSE,,
Abusa,FALSE,A-bu-sá-a; A-bu-sà,
Abušalim,FALSE,a-bu-ša-lim,
Abuta,FALSE,A-bu-ta-a; a-bu-ta,
Abutāya,FALSE,,
Abutria,FALSE,A-bu-ut-ri-a; a-bu-ut-ri-a; a-pu-ut-ri-a,
Abutum,FALSE,a-bu-tum,
Abuya,FALSE,A-bu-a-a,
Abuza,FALSE,A-bu-za,
Abuzia,FALSE,A-bu-zi-a,
Ad-dānni,FALSE,a-ta-ni; ad-da-ni,
Adā,FALSE,A-da-a; A-da-a-a; A-da,
Adad-<gap>-ur-zu,FALSE,{d}IM-<gap>-ur-zu,
Adad-asû,FALSE,{d}IŠKUR-a-ZU; {d}IŠKUR.A.ZU,
Adad-bani,FALSE,{d}IM-ba-ni,
Adad-bāni,FALSE,{d}IM-ba-ni,
Adad-bēlāni,FALSE,{d}IM-be-lá-ni; {d}IM-bé-lá-ni; {m}{d}IŠKUR-be-lá-ni,
Adad-bēlī,FALSE,{d}IM-be-li,
Adad-damiq,FALSE,{d}IM.SIG5; {d}IŠKUR.SIG5,
Adad-dān,FALSE,{d}IM-dan; {d}IŠKUR-da-an; {d}IŠKUR-dan; IŠKUR-da-an; IŠKUR-dan,
Adad-dugul,FALSE,{d}IM--du-gu5-ul,
Adad-ellat,FALSE,{d}IM-ILLAT; A-de8-lá-at,
Adad-ennam,FALSE,{d}IŠKUR-e-nam; {d}IŠKUR-en-nam,
Adad-gāmil,FALSE,{d}IM-ga-mil; {d}IM-ga-mì-il5; {d}IŠKUR-ga-mì-il5,
Adad-husanni,FALSE,{d}IM-hu-sà-ni,
Adad-hussanni,FALSE,{d}IM-hu-sà-ni,
Adad-hussī,FALSE,{d}IM-hu-sí,
Adad-ilī,FALSE,{d}IM-i-li,
Adad-ilka,FALSE,{d}IM-DINGIR-kà,
Adad-malik,FALSE,{d}IM-ma-lik,
Adad-mālik,FALSE,{d}IM-ma-lik,
Adad-nāṣir,FALSE,{d}IM-na-ṣir,
Adad-PA.ZI,FALSE,{d}IM-PA.ZI,
Adad-palil,FALSE,{d}IM-pá-li-il5,
Adad-pilah,FALSE,{d}IM-pì-lá-ah,
Adad-rabi,FALSE,{d}IM-GAL; {d}IŠKUR.GAL; {d}IŠKUR-re-be; {d}IM-GAL; {d}IM.GAL; {d}IŠKUR-ra-bi; {d}IŠKUR-ra-bi4; {d}IM-ra-bi; {d}IM-ra-bi4; {m}{d}IŠKUR-GAL; {d}IM.GAL-ma; {d}IŠKUR.GAL-ma; {d}IM-ra-bi4-ma; {d}IŠKUR-ri-bi4; {m}{d}IŠKUR.GAL; {d}IM-ra-bí,
Adad-rabitum,FALSE,{d}IŠKUR-ra-bi-tum,
Adad-rē'ī,FALSE,{d}IM-SIPA; {d}IM-SIPA-ma,Adad-re’i
Adad-reṣi,FALSE,{d}IM-re-ṣí,
Adad-rēṣi,FALSE,{d}IM-re-ṣí,
Adad-rēṣī,FALSE,{d}IM-re-ṣí,
Adad-ribi,FALSE,{d}IM-ri-bi,
Adad-šamšī,FALSE,{d}IM-{d}UTU-ši,
Adad-simtī,FALSE,{d}IM-sí-im-tí,
Adad-ṣululi,FALSE,{d}IM-ṣú-lu-li; {d}IM-ANDUL,
Adad-ṣululī,FALSE,{d}IM-ṣú-lu-li; {d}IM-ANDUL,
Adad-ṣulūlī,FALSE,{d}IM-ṣú-lu-li; {d}IM-ANDUL,
Adad-ṭāb,FALSE,{d}IM-DU10,
Adad-taklāku,FALSE,{d}IM-ták-lá-ku,
Adad-takul,FALSE,{d}IM-[t]ù-ku-ul,
Adad-tappā'ī,FALSE,IM-tap-pá-i-ma,
Adad-tukultī,FALSE,{d}IŠKUR-tù-kúl-tí; {d}IM-tù-kul-tí; {d}IŠKUR-tù-ku-ul-tí; {d}IM-tu-kúl-tí; {d}IŠKUR-tù-ku-ul,
Adadā,FALSE,A-da-da; a-da-da-a; a-ta-ta; a-tá-ta; a-da-da-a-a; a-ta-ta-a; a-tá-tá; a-dá-da; a-da-da-ma; a-ta-ta-ma; a-ta-a-ta; {d}IM-a-a,Adada; Adadāya
,,,
,,,
,,,
,,,
Adadia,FALSE,A-da-dí-i-a; a-da-di-a; a-ta-tí-a; a-ta-tí-a-ma,
Adadi,FALSE,a-da-dí; a-ta-tí,
,,,
,,,
Adadua,FALSE,a-da-du-wa; a-da-du-a,Adaduwa
Adahši,FALSE,,
Adahšu,FALSE,[A]-ta-ah-šu,
Adala,FALSE,a-da-lá,
Adallal,FALSE,A-da-làl,
Adamaluni,FALSE,A-da-ma-ku-ni,
Adana,FALSE,A-da-na,
Adašuka,FALSE,,
Adaya,FALSE,,
Addellat,FALSE,,
Addu,FALSE,A-du; A-du-ú,
Addu-dādī,FALSE,,
Adduwa,FALSE,A-du-wa; A-du-wa-a,
Adi-abum,FALSE,,
Adi-Aššur,FALSE,A-dí-A-šùr,
Adi-matum,FALSE,A-dí-ma-tum,
Adia,FALSE,A-dí-a,
Adida,FALSE,A-dí-da; A-dí-ta,
Adidum,FALSE,A-dí-dim,
Adimātum,FALSE,A-dí-ma-tum,
Adina,FALSE,A-dí-na,
Adiu,FALSE,A-dí-ú,
Admati-ilī,FALSE,Ad-ma-tí-i-li,
Adu,FALSE,A-du,
Adû,FALSE,A-du-ú; A-tù; A-du,Adu
Adua,FALSE,A-du-a; A-du-a-a,
Aduahši,FALSE,A-du-ah-ší,
Aduahšu,FALSE,A-du-ah-šu,
Aduašu,FALSE,A-du-a-šu,
Aduda,FALSE,A-du-da,
Adudadi,FALSE,A-du-da-dí,
Adudāya,TRUE,A-du-da-a,
Adudāya,TRUE,A-du-ta-a,
Adudi,FALSE,A-du-dí,
Adudu,TRUE,A-du-du,
Adudu,TRUE,a-du-du; a-du-d[u]; [a]-du-du,
Adudu,TRUE,A-du-du; A-du-du-um,
Adudua,FALSE,A-du-du-a; A-du-du-wa,
Adudum,FALSE,A-du-du-um,
Adue,FALSE,A-du-e,
Aduki,FALSE,A-du-ki; A-du-[k]i,
Adula,FALSE,A-du-la,
Adum,FALSE,,Aduman
Aduma,FALSE,A-du-ma,
Aduman,TRUE,a-du-ma-an,
Aduman,TRUE,A-du-ma-an; An-du-ma-an,
Aduman,TRUE,a-du-ma[-an],
Aduna’a,FALSE,a-du-[n]a-a,
Aduria,TRUE,,
Aduria,TRUE,A-du-ri; a-du-ri-a,
Aduta,FALSE,A-du-ta; A-du-ta-a,
Aduwa,TRUE,a-du-wa,
Aduwa,TRUE,a-du-wa-a,
Aduwašu,FALSE,a-du-a-šu,
Aduwe,FALSE,A-du-e,
Aga,FALSE,A-ga,
Agabši,TRUE,a-ga-áb-ší,
Agabši,TRUE,a-ga-áb-ší; a-ga<-áb>-ší,
Agaya,FALSE,A-ga-a,
Agi-Anu,FALSE,A-ki-a-num,
Agia,FALSE,A-gi-a,
Agta,FALSE,Ag-ta,
Agua,TRUE,A-gu-a; A-gu-a-a; A-gu-ú-a; A-ku-a; A-ku-ú-a,
Agua,TRUE,A-ku-a,
Agua,TRUE,A-ku-ú-a,
Ah-šalim,FALSE,Ah-ša-lim,
Aha,FALSE,A-ha-a,
Ahaha,FALSE,A-ha-ha; A-ha-ha-a,
Ahailu..ku,FALSE,A-ha-i-lu--ku,
Ahalab,FALSE,A-ha-lá-ap/áp,
Aham-arši,FALSE,Ah-mar-ší,
Aham-larši,FALSE,A-ha-,
Ahanarši,FALSE,A-ha-na-ar-ší,
Ahanišu,FALSE,A-ha-ni-šu; a-ha-ni-šu-ma,
Ahānum,FALSE,A-ha-nu-um; A-ha-lim,
Ahar,FALSE,A-ha-ar,
Aharni,FALSE,,
Aharudana,FALSE,,
Ahasu,FALSE,,
Ahat-abiša,FALSE,,
Ahatim,FALSE,A-ha-tim,
Ahatitum,FALSE,A-ha-at-tim; A-ha-tí-tim,
Ahatu,FALSE,A-ha-tu,
Ahātua,FALSE,A-ha-tu-a,
Ahatum,FALSE,A-ha-tu-um,
Ahātum,FALSE,A-ha-tu-um,
Ahawahram,FALSE,,
Ahāya,FALSE,a-ha-a,
Ahe,FALSE,A-hi-e,
Ahi-aya,TRUE,A-hi-a,
Ahi-aya,TRUE,a-hi-a-a,
Ahi’umar,FALSE,,
Ahia,TRUE,A-hi-a,
Ahia,TRUE,a-hi-a-a,
Ahia’a,FALSE,a-hi-a-a,
Ahiya,FALSE,a-hi-a-a,
Ahīya,FALSE,A-hi-a-a; A-hi-e-a,
Ahlu,FALSE,,
Ahmarši,FALSE,,
Ahmāya,FALSE,,
Ahšila,FALSE,Ah!-ší!-lá!,
Ahu,FALSE,A-a-hu-ú,
Ahu-<gap>-ša,FALSE,a-hu-[x]-ša,
Ahu-ahī,FALSE,A-hu-a-hi; A-hu-wa-hi,
Ahu-DU10,FALSE,a-hu-DU10,
Ahu-kēn,FALSE,A-hu-ki-in,
Ahu-ṭab,FALSE,a-hu-DU10,
Ahu-ṭāb,FALSE,a-hu-DU10,
Ahu-waqar,FALSE,A-hu-wa-qar; A-hu-qar,Ahuqar
Ahua,TRUE,a-hu-a,
Ahua,TRUE,A-hu-a; A-hu-ú-a,
Ahua,TRUE,a-hu-ú-a,
Ahuea,FALSE,A-hu-e-a,
Ahumila,FALSE,A-hu-me-lá,
Ahuni,FALSE,a-hu-ni,
Ahunia,FALSE,A-hu-ni-a,
Ahuša,FALSE,A-hu-ša,
Ahušu,FALSE,,
Ahušunu,FALSE,A-hu-šu-nu,
Ahuwaqar,FALSE,A-hu-wa-qar,
Ahuwāya,TRUE,A-hu-wa-a-a,
Ahuwāya,TRUE,A-hu-wa-a; A-hu-wa-a-a,
Ai-qudadi,FALSE,a-i-qú-da-dí,Aikudadi
Ak,FALSE,A-ak,
Aka,FALSE,A-ga-a,
Akabši,FALSE,A-ga-áp-ší,
Akaka,FALSE,a-ka-ka,
Akala,FALSE,A-ga-la,
Akaliuman,FALSE,A-kà-li-ú-ma-an,
Akalum,FALSE,a-ka-lum; a-kà-li-im; a-kà-lim,
Akatia,FALSE,A-kà-dí-a; A-kà-tí-a; A-ga-tí-a-[ma],
Akātia,FALSE,A-kà-tí-a,
Akāya,FALSE,A-ga-a,
Akazi,FALSE,A-ga-zi,
Akia,TRUE,A-ki-a,
Akia,TRUE,A-ki-a-a,
Akia,TRUE,A-ki-a; A-ki-a-a; A-gi-a,
Akianum,FALSE,,Agi-Anum
Akiaya,FALSE,A-ki-a-a,
Akikia,FALSE,A-ki-ki-a,
Akita,FALSE,A-ki-ta-a,
Akitaya,FALSE,a-ki-ta-a,
Akitum,FALSE,a-ki-tum,
Akna,FALSE,A-ak-na,
Aku,FALSE,A-ku,
Akua,FALSE,A-ku-a,
Akudanum,FALSE,a-ku-da-num,
Akuka,TRUE,A-ku-ga; A-ku-kà,
Akuka,TRUE,A-ku-ka,
Akukum,FALSE,a-ku-ku; a-ku-ku-um; a-ku-ki-im; a-ku-ku; a-ku-ku-um; a-ku-kum,Akuku
Akusānum,FALSE,A-ku-za-num,
Akušu,FALSE,,
Akutia,FALSE,A-ku-tí-a,
Akutum,TRUE,A-ku-du; A-ku-tim,
Akutum,TRUE,A-ku-tim,
Akuwid,FALSE,a-ku-wi-id,
Akuza,TRUE,A-ku-za-a,
Akuza,TRUE,A-ku-za; A-gu-za; A-ku-za-a,
Akuzānum,FALSE,A-ku-za-num,
Al-ahi,FALSE,Al-a-hi,
Al-beli,FALSE,Al-be-lí; Al-bé-lí,
Al-bēli,FALSE,Al-be-lí; Al-bé-lí,
Al-bēlī,FALSE,Al-be-lí; Al-bé-lí,
Al-ilī,FALSE,A-li-li,
Al-ṭab,FALSE,A-al-DÙG; A-al-DU10,
Al-ṭāb,FALSE,A-al-DÙG; A-al-DU10,
Ala,FALSE,A-lá,
Ala’a,FALSE,a-lá-a,
Alabia,FALSE,A-lá-pí-a,
Alābu,FALSE,A-lá-bu-um; A-lá-bi4-im; A-lá-bi-im; A-la-bu-um,Alābum; Alabum; Ali-abum
Alābum,FALSE,A-la-bu-um; A-lá-bu-um; A-la-bi-im; a-la-be-im; A-lá-bi4-im,Alabum; Ali-abum
Aladirum,FALSE,a-lá-di-ru-um,
Alahati,FALSE,,
Alahātī,FALSE,,
Alahia,FALSE,A-lá-hi-a,
Alahim,TRUE,A-lá-hi-im,
Alahim,TRUE,a-lá-hi-im; [a-lá-hi]-im; a-lá-h[i-im],
Alahiš,FALSE,A-lá-hi-iš,
Alahum,FALSE,A-lá-hu-um; A-la-hu-um,Ali-ahum
Alakam,FALSE,A-la-ku; A-lá-ku,Alaku
Alaku,FALSE,A-la-ku; A-lá-ku,
Alal-mišar,FALSE,A-lá-al-me-šar,
Alala,FALSE,A-la-la,
Alalaš,FALSE,a-lá-lá-áš,
Alali-<gap>,FALSE,A-la-li-<gap>,
Alalulāya,FALSE,,
Alama,FALSE,a-la-ma; a-lá-a-ma; a-lá-ma,
Alāni,FALSE,a-lá-ni,
Alanu,FALSE,a-lá-ni,
Alaria,FALSE,A-lá-ri-a,
Alašaki,FALSE,A-lá-ša-ki,
Alauani,FALSE,a-la-wa-ni,
Alaumitia,FALSE,A-lá-ú-me-tí-a,
Alawa,FALSE,A-lá-wa,
Alawanni,FALSE,A-lá-ú-a-ni,
Alawašhi,FALSE,A-lá-wa-áš-hi,
Alaya,FALSE,,
Alayakaya,FALSE,a-la-a-ka-a; a-lá-kà,
Ale,FALSE,A-le-e,
Ali,TRUE,a-li,
Ali,TRUE,a-li; a-li-i,
Ali-abum,FALSE,A-lá-bu-um; A-lá-bi4-im; A-lá-bi-im; A-la-bu-um,Alābum; Alabum; Alābu; Ali-abum
Ali-ahī,FALSE,A-lá-hu-um; A-la-hu-um,Ali-ahum
Ali-ahum,TRUE,A-la-hi-im,
Ali-ahum,TRUE,A-lá-hu-um; A-la-hu-um; A-la-hi-im,
Ali-ilī,FALSE,,
Ali-waqrum,FALSE,A-li-wa-aq-ru-um; A-lá-aq-ru-um,
Alia,FALSE,A-li-a,
Aliahšušar,FALSE,,
Alidi,FALSE,a-li-dí,
Alile,FALSE,A-li-li-e,
Alili,TRUE,a-li-li,
Alili,TRUE,A-li-lim; a-li-li,
Alilie,FALSE,a-li-li-e,
Alilu,FALSE,a-li-lu,
Alina,FALSE,A-li-na,
Ališa,FALSE,A-li-ša,
Alitum,FALSE,A-li-tum,
Aliya,FALSE,A-li-a,
Alkaria,TRUE,Al-ga-ri-a,
Alkaria,TRUE,al-kà-ri-a,
Alluhrum,FALSE,,
Alluwa,FALSE,A-lu-a; A-lu-wa; A-lu-wa-a,
Alp-ilī,FALSE,al-pì-DINGIR; al-pì-li; al-pì-lí; el-pì-DINGIR,
Alpu-ilī,FALSE,Al-pì-DINGIR,
Alpuar,FALSE,Al-pu-ar,
Alu,TRUE,a-[l]u; a-lu,
Alu,TRUE,a-lu,
Alu,TRUE,A-lu; A-lu-ú; a-lu,
Alu-šarrum,FALSE,a-lu-LUGAL-ri-im; a-lu-šar-um,
Alu’u,FALSE,a-lu-ú,
Alua,TRUE,a-lu-a,
Alua,TRUE,A-lu-ú-a; A-lu-a,
Alua-rabi,FALSE,a-lu-a-ra-bi,
Aludhuharša,FALSE,,
Alukrum,FALSE,A-lu-uk-ri-im,
Alula,FALSE,,
Alulaya,FALSE,,
Alulāya,TRUE,A-lu-lá-a,Alulaya
Alulāya,TRUE,A-lu-la/lá-a,
Alulu,TRUE,A-lu-lu,
Alulu,TRUE,a-lu-lu; a-[lu-lu-ú]; a-lu-lu-ú,
Alulur,FALSE,A-lu-lu-ur,
Aluluwa,FALSE,A-lu-lu; A-lu-lu-ú; A-lu-lu-wa; a-lu-lu-wa; a-lu[-lu-wa],
Alum,FALSE,a-lum; a-lim{ki}; a-lim,
Alum-ahšu,FALSE,a-lu-um-a-ah-šu,
Alumahšu,FALSE,A-lu-um-a-ah-šu; A-lu-ma-ah-ší,
Alurani,FALSE,a-lu-ra-ni,
Alutani,FALSE,a-lu-ta-ni,
Aluwa,FALSE,a-lu-wa-a; a-lu-wa,
Aluwahariša,FALSE,A-lu-wa!-ha!-ri-ša,
Aluwazi,FALSE,A-lu-a-zi; A-lu-wa-zi,
Aluzubu,FALSE,a-lu-zu-bu,
Alwana,FALSE,a-al-wa-na; al-wa-na,
Alzahala,FALSE,Al-za-ha-lá,
Ama,TRUE,A-m[a],
Ama,TRUE,a-ma,
Ama’a,FALSE,A-ma-a,
Amaba,FALSE,A-ma-pá,
Amaea,FALSE,,
Amakani,FALSE,a-ma-ka-ni,
Amalia,FALSE,a-ma-[l]i-a-áš; a-ma-li-a; A-ma-li-[,Amaliaš
Amalu,FALSE,A-ma-lu,
Amama,FALSE,A-ma-ma,
Amārum,FALSE,A-ma-ri-im,
Amašiwašmiš,FALSE,,
Amašuišmiš,TRUE,A-ma-šu-iš-me-iš; A-ma-ší-wa-áš-[me]-iš,
Amašuišmiš,TRUE,a-ma-šu-iš-mì-iš,
Amašuišmiš,TRUE,a-ma-šu-iš-mì-iš; a-ma-[ší-wa-áš-mì]-iš,
Amaya,TRUE,A-ma-a,
Amaya,TRUE,A-ma-a-a; A-ma-a; Am-ma-a,
Amāya,FALSE,A-ma-a-a; A-ma-a; Am-ma-a,
Amibura,FALSE,A-mì-bu-ra,
Amidašum,FALSE,,
Amihepa,FALSE,A-mì-hi-pá,
Amimi,FALSE,a-mi-mi,
Amirša,FALSE,A-me-er-ša,
Amita,FALSE,A-me-ta,
Amlia,FALSE,am-li-a,
Amma,FALSE,am-ma,
Ammārum,FALSE,A-ma-ri-im,
Ammāya,FALSE,,
Amra,FALSE,Am-ra,
Amrāya,FALSE,Am-ra; Am-ra-a,
Amria,TRUE,Am-ri-a,
Amria,TRUE,Am-ri-a; A-am-ri-a,
Amria,TRUE,am-ri-a; a[m-ri-a],
Amriya,FALSE,Am-ri-a; A-am-ri-a,
Amtum,FALSE,,
Amua,FALSE,A-mu-a,
Amubura,FALSE,a-mu-bu-ra,
Amuna,TRUE,a-[m]u-na,
Amuna,TRUE,A-mu-na,
Amunahšu,FALSE,A-mu-na-ah-šu,
Amunani,FALSE,A-mu-na-ni,
Amunāya,FALSE,A-mu-na-a,
Amur-Adad,FALSE,A-mur-{d}IM,
Amur-agia-šarrim,FALSE,,
Amur-AN,FALSE,a-mur-AN,
Amur-Aššur,TRUE,A-mur-A-šùr,
Amur-Aššur,TRUE,A-mur-A-šur/šùr,
Amur-bāni,FALSE,a-mur-ba-ni,
Amur-Ea,FALSE,A-mur-i-a,
Amur-ilī,FALSE,A-mur-DINGIR,Amur-il
Amur-Ištar,TRUE,A-mur-Ištar,
Amur-Ištar,TRUE,A-mur-Ištar; Am-ri-Ištar,
Amur-kala,FALSE,A-mur-kà-lá,
Amur-lussu,FALSE,,
Amur-luṣu,FALSE,,
Amur-lūṣu,FALSE,A-mur-lu-sú,
Amur-qāti-Ištar,FALSE,A-mu-ur-qá-tí-Ištar,
Amur-rabussa,FALSE,a-mur-ra-bu-sa,
Amur-Šamaš,FALSE,A-mur-{d}UTU,
Amur-šamšī,FALSE,A-mur-{d}UTU-ši,Amur-šamši
Amur-šarrassa,FALSE,A-mur-ša-ra-sà,
Amur-Suen,FALSE,A-mur-{d}EN.ZU,
Amura,TRUE,A-mu-ra-a,
Amura,TRUE,A-mu-ra; A-mu-ra-a,
Amurāya,FALSE,A-mu-ra; A-mu-ra-a,Amuraya
Amuri,FALSE,A-mu-ri,
Amuria,FALSE,A-mur-i-a,
Amurrītum,FALSE,,
Amurru-bāni,FALSE,,Amurru-bani
Amurrum-bāni,TRUE,{d}MAR.TU-ba-ni; MAR.TU-ba-ni; A-mu-ur-ba-ni,
Amurrum-bāni,TRUE,MAR.TU-ba-ni,
Amurrum-ennam,FALSE,MAR.TU-e-nam,
Amušara,FALSE,a-mu-ša-ra,
Amutum,FALSE,,
An-ilī,FALSE,an-í-lì,
AN.KI-bāni,FALSE,,
Ana-<gap>-artim,FALSE,,
Ana-Aššur-taklaku,FALSE,,
Ana-tappa,FALSE,a-na-ta-pa,
Anah-Aššur,FALSE,A-na-ah-A-šur,
Anah-ili,FALSE,a-na-ah-ì-lí; a-na-ah-DINGIR; a-na-hi-ili5; a-na-hi-li; a-na-hi-DINGIR; a-na-hi-il5; {m}a-na-ah-ì-lí; a-na-ah-li; a-na-ah-il5; a-na-ah-DINGIR-ma; a-na-ah-ì-lí-ma; a-na-ah-ì-li,
Anah-ilī,TRUE,A-na-ah-DINGIR,
Anah-ilī,TRUE,A-na-ah-ì-lí,
Anah-ilī,TRUE,A-na-ah-ì-lí; A-na-hi-ili5; A-na-ah-DINGIR; A-na-hi-li,
Anah-Ištar,FALSE,a-na-ah-IŠTAR,
Anaha,FALSE,A-na-ah-a,
Anahluka,FALSE,a-na-ah-lu-kà,Anahluga
Anahšu,FALSE,A-na-ah-šu,
Anakāya,FALSE,A-na-kà-a,Anaka
Anāku-ilumma,FALSE,A-na-ku-DINGIR-ma,
Anali,FALSE,A-na-li,
Analia,FALSE,A-na-li-a,
Anana,TRUE,a-na-a-na,
Anana,TRUE,A-na-a-na; A-na-na,
Anana,TRUE,a-na-na,
Ananaya,FALSE,,
Anani,TRUE,A-na-ni; A-na-nim; A-na-nu-um,
Anani,TRUE,a-na-nu-um,
Anari,FALSE,a-na-ri,
Anarila,FALSE,A-na-ri-la,
Anaš,TRUE,a-na-áš,
Anaš,TRUE,a-na-áš; <a->na-áš,
Anašumiš,FALSE,A-na-šu-mì-iš,
Anāya,FALSE,A-na-a-a,
Andaki,FALSE,An-da-ki,
Anianum,FALSE,A-ni-a-nim,
Anila,FALSE,A-ni-lá,
Animid,FALSE,a-ni-mì-id,
Anina,FALSE,,
Aninam,FALSE,A-ni-nam,
Anini,FALSE,A-ni-ni,
Aninum,FALSE,,
Aniškibil,FALSE,A-ni-iš-ki-pè-el; A-ni-šu-ki-pá,
Anita,TRUE,a-ni-ta,
Anita,TRUE,a-ni-ta; [a]-ni-ta,
Anitta,FALSE,A-ni-ta,
Aniwani,FALSE,A-ni-wa-a-ni,
Anizaba,FALSE,A-ni-za-pá,
Anizala,FALSE,A-ni-za-lá,
Anizi,FALSE,A-ni-zi,
Aniziba,FALSE,a-ni-zi-ba,
Anna,FALSE,A-na-áš,
Annali,FALSE,,
Annanna,FALSE,A-na-na; A-na-a-na,
Annanum,FALSE,,
Annaya,FALSE,a-na-a,
Annia,FALSE,A-ni-a,
Annina,FALSE,A-ni-na; A-ni-na-a,
Anninaya,FALSE,a-ni-na,
Annīnum,FALSE,A-ni-nim,
Annu-pī-Ištar,FALSE,A-nu-pí-Ištar,
Annu-pīša,FALSE,A-nu-pí-ša,
Annuwa,TRUE,A-nu-a,
Annuwa,TRUE,A-nu-a; A-nu-wa,
Anšuah,FALSE,An-šu-a-ah,
Anu-šar-ilī,FALSE,{d}a-nu-LUGAL.DINGIR.MEŠ,
Anua,FALSE,,
Anudāya,FALSE,A-nu-da-a,
Anuguti,FALSE,a-nu-gu-ti,
Anuka,FALSE,A-nu-kà,
Anuki,FALSE,A-nu-ki,
Anula,FALSE,A-nu-lá,
Anuli,FALSE,a-nu-li,
Anum,FALSE,,
Anum-bāni,FALSE,,
Anum-hirbi,FALSE,a-nu-um-hi-ir-bi,
Anum-iddin,FALSE,a-nu-i-dí-in,
Anum-ilī,FALSE,A-nu-um-ì-lí,
Anum-kimtī,FALSE,a-num-ki-im-tí,
Anum-pīša,FALSE,a-num-pí-ša,
Anumhirbi,FALSE,A-nu-um-hi-ir-bi,
Anuniši,FALSE,A-nu-ni-ší-i; A-šur-nišu,
Anunu,TRUE,a-nu-nu,
Anunu,TRUE,A-nu-nu; A-nu-nu-uš,
Anunua,FALSE,A-nu-nu-a,
Anunumi,FALSE,a-nu-nu-mi,
Anunuš,FALSE,a-nu-nu,
Anupi-Ištar,FALSE,,
Anupia,FALSE,A-nu-pí-a,
Anupiša,FALSE,,
Anutiba,FALSE,a-nu-ti-ba,
Anuwa,FALSE,,
Apalala,FALSE,A-pí-a-la; A-pá-lá-lá-a,
Apatanānum,FALSE,A-ba-ta-na-num; A-pa-ta-na-num,Apatananum
Apaziašu,FALSE,a-pá-zi-a-šu,
Apazu,FALSE,A-ba-zu,
Apdagi,FALSE,ap-da-gi,
Apeziahšu,FALSE,a-pè-zi-ah-šu,
Apeziašu,TRUE,a-pé-zi-a-šu,
Apeziašu,TRUE,a-pè-zi-a-šu,
Apia,FALSE,,
Apiala,FALSE,A-pí-a-la; A-pá-lá-lá-a,
Apiaškula,FALSE,a-pí-áš-ku-lá-a,
Apikuni,FALSE,A-be-ku-ni,
Apikunu,FALSE,A-pí-ku-nu,
Apil-ilīšu,FALSE,,
Apil-kēn,FALSE,a-pì-il5-ke-en6,Apil-ken
Apila,FALSE,A-be-i-lá; A-pì-lá,
Apili,FALSE,A-pì-li-i; A-pì-ì-lí,
Apiliuman,FALSE,A-pí-li-ú-ma-an,
Apinara,FALSE,A-pì-na-ra,
Apirih,FALSE,a-pí-ri-ih,
Apirzuš,FALSE,A-pì-ir-ba-uš,
Apiša,FALSE,A-pì-ša-a,
Apisamutum,FALSE,A-pì-sá-mu-tim,
Apišawari,FALSE,A-pì-ša-wa-ri,
Apituri,FALSE,A-pì-tù-ri,
Apiziahšu,FALSE,A-be-zi-ah-šu,
Apiziašu,FALSE,A-pì-zi-a-šu,
Apizura,FALSE,A-be-zu-ra,
Aplum,FALSE,,
Āpšum,FALSE,āp-šum,
Aptuata,FALSE,Áp-du-a-ta,
Apuna,FALSE,A-pu-na,
Apuzia,FALSE,A-pu-zi-a,
Apuziahšu,FALSE,,
Arabar,FALSE,a-ra-bar,
Arala,FALSE,A-ra-lá,
Arama,FALSE,A-ra-ma,
Aramuwa,FALSE,A-ra-mu-wa,
Aranabšu,FALSE,A-ra-na-áp-šu,
Arara,FALSE,A-ra-ra,
Araraha,FALSE,A-ra-ra-ha,
Arašihari,FALSE,a-ra-ši-ha-ri,
Arašihatal,FALSE,A-ra-ší-ha-tal,Araših-adal
Arašu,FALSE,A-ra-šu,
Aratia,FALSE,A-ra-tí-a,
Arawa,FALSE,a-lá-wa,
Arawan,FALSE,a-ra-wa-an,
Arawarhamena,TRUE,a-ra-wa-ar-ha-[me-na],
Arawarhamena,TRUE,a-ra-wa-ar-ha-[me-na]; a-ra-wa-ah-ha-me-na,
Arawarhamina,FALSE,A-ra-wa-ar-ha-me-na; A-ra-wa-ah-ha-me-na; A-ra-wa-ar-hu-mì-na; a-ra-wa-ar-hu-me-na,Arawarhumena
Arawarhina,TRUE,A-ra-wa-ar-hi-na; A-ru-wu-ur-h[i-na],
Arawarhina,TRUE,a-ra-wu-ur-h[i-na]; a-ra-wa-ar-hi-na; a-ra-wa-ar-hi-a,
Arawaš,FALSE,a-ra-wa-áš,
Arawi,TRUE,a-ra-wi-i,
Arawi,TRUE,A-ra-wi; A-ra-wi-i,
Arawurhina,FALSE,a-ra-wu-ur-h[i-na],
Arhanuman,FALSE,[ar-]ha-nu-ma-an,
Ari-šarri,FALSE,a-ri-ša-ri,
Aria,FALSE,A-ri-a,
Aribtua,FALSE,a-ri-ib-tù-a,
Aridu,FALSE,A-ri-du,
Arini,FALSE,a-ri-ni,
Arkalia,TRUE,Ar-kà-li-a; Ar-ku-li-a,
Arkalia,TRUE,ar-ku-li-a; ar-kà-li-a,
Arkat-awassu,FALSE,Ar-kà-at-a-wa-sú,
Arkili,FALSE,ar-ki-li,
Arkuatal,FALSE,Ar-ku-a-tal,
Arkulia,FALSE,ar-ku-li-a,
Armili,FALSE,Ar-me-li,
Arna,FALSE,Ar-na,
Arnahšu,FALSE,Ar-na-ah-šu,
Arnuašu,FALSE,,
Arnuid,FALSE,ar-nu-id,
Arnuman,FALSE,Ar-nu-ma-an; ar-nu-ma[-an],
Arnuwašu,FALSE,ar-nu-a-šu,
Arpuwahšušar,FALSE,Ar-pu-wa-ah-šu-šar; ar-pu-a-ah-šu-šar; ar-pu-a-ah-šu-šar; ar-pu-wa-ah-šu-šar,
Aršana,FALSE,ar-ša-na,
Arši-ah,FALSE,ar-ší-ah,
Aršula,FALSE,ar-šu-lá,
Arta,FALSE,Ar-ta,
Artama,FALSE,Ar-ta-ma,
Artaya,FALSE,ar-ta,
Aruar,FALSE,A-ru-a-ar,
Arunahšu,FALSE,a-ru-na-ah-šu,
Aruru,FALSE,A-ru-ru,
Aruruba,FALSE,A-ru-ru-pá-áš; a-ru-ru-ba; a-ru-<big_gap>; a-ru-[ru-ba-áš],Arurubaš
Aruwa,FALSE,A-ru-a,
Aruwahšu,FALSE,A-ru-wa-ah-šu,
Arwanahšu,FALSE,Ar-wa-na-ah-šu,
Arwitum,FALSE,,
Arwium,FALSE,Ar-wi-um,
Arzanahšu,FALSE,Ar-za-na-ah-šu; Ar-zi-na-ah-šu; ar-za-na-ah-šu; [a]r-za-na-ah-šu; ar-za-na-ah!-šu!,
Arzia,FALSE,Ar-zi-a,
Arziamur,FALSE,Ar-⌈zi⌉-a-mur,
Arzinahšu,FALSE,ar-zi-na-ah-š[u],
Asa,FALSE,A-sá-a,
Ašalka,FALSE,a-ší-il-kà,
Ašalnuba,FALSE,aš-al-nu-ba,
Asania,FALSE,A-sà-ni-a,
Asānum,FALSE,A-sà-num,Asanum
Ašaredi,FALSE,a-ša-re-dim,Ašaredum
Asasa,FALSE,A-sá-sá,
Ašaša,FALSE,A-ša-ša,
Asasu,FALSE,a-sa-su,
Ašataruwe,FALSE,a-ša-ta-ru-we,
Ašdu,FALSE,Áš-du,
Ašhaharna,FALSE,aš-ha-har-na,
Ašhani,FALSE,Áš-ha-a-ni,
Ašhi,FALSE,Áš-hi-i,
Ašhuba,FALSE,aš-hu-ba,
Asia,FALSE,A-sí-a; A-sí-i-a,
Ašiasi,FALSE,a-ši-a-si,
,,,
,,,
,,,
,,,
,,,
Ašiazi,FALSE,A-ší-a-zi,
,,,
Ašiad,FALSE,A-ší-a-at; A-ší-it; A-ší-e-it; a-ší-id; a-še-ed; a-šé-ed; a-šé-et; {m}a-ší-e-et; a-ší-i-id; a-ší-a-at; a-ší-et; a-ší-e-et; a-ší-it; a-ší-at; a-še-a-ad; a-šé-a-ad; a-šé-e-et; a-ší-e-et; a-ší-et; a-ší[-et]; a-ší-et; a-ší-i-it; ; a-ší-it,Ašiet; Ašid
,,,
,,,
,,,
,,,
,,,
,,,
,,,
Ašihum,FALSE,,
Ašika,FALSE,a-ší-il-kà; a-ší-il5-kà; a-ša-al-kà,
Ašilka,TRUE,a-ší-il-ka,
Ašilka,TRUE,a-ší-il-kà; a-ší-il5-kà; a-ša-al-kà,
Ašilka,TRUE,A-ší-il5-kà,
Ašilka,TRUE,a-ší-il5-kà; [a-ší]-il5-kà,
Ašimnilka,FALSE,A-ší-im-ni-el-kà,
Asīrum,FALSE,a-sí-ru-um,Asirum
Aškanašu,FALSE,Áš-kà-na-šu,
Aškunanika,FALSE,Áš-ku-na-ni-kà,
Aškunašu,FALSE,Iš-ku-na-šu,
Asqūdia,FALSE,Ás-qú-dí-a,
Ašqudim,TRUE,Ás-qú-dim,
Ašqudim,TRUE,Ás-qú-dum; Ás-qú-dim; Ás-qú-ud,
Asqūdum,FALSE,Ás-qú-dum; Ás-qú-dim; Ás-qú-ud,Asqudum
Aššur-{d}UTU-ši,TRUE,a-šùr-{d}UTU,
Aššur-{d}UTU-ši,TRUE,A-šùr-{d}UTU-ši,
Aššur-{d}UTU-ši,TRUE,a-šùr-{d}UTU; a-šùr-{d}UTU-ši,
Aššur-<gap>,FALSE,A-šur-<gap>; A-šùr-<gap>,
Aššur-ālum,FALSE,,
Aššur-amarum,FALSE,,
Aššur-asû,FALSE,A-šùr-a-zu,
Aššur-balāṭ,FALSE,A-šùr-ba-lá-aṭ,
Aššur-bāni,FALSE,A-šùr-ba-ni,
Aššur-bāštī,FALSE,a-šùr-ba-áš-tí,Aššur-bašti
Aššur-BE-<big_gap>,FALSE,A-šur-be-<big_gap>,
Aššur-bel-awatim,TRUE,A-šùr-be-el-a-wa-tim,
Aššur-bel-awatim,TRUE,A-šùr-be-el-a-wa-tim; A-šùr-be-lá-wa-tim,
Aššur-bēl-awātim,FALSE,A-šùr-be-el-a-wa-tim; A-šùr-be-lá-wa-tim,
Aššur-bēl-lamassī,TRUE,a-šùr-be-lá-ma-sí,Aššur-bēl-lamassim
Aššur-bēl-lamassī,TRUE,a-šùr-be-lá-ma-sí,Ašurbelamasi
Aššur-bēl-malkim,FALSE,A-šur-be-el-ma-al-ki-im,
Aššur-bēl-mātim,FALSE,A-šur-be-el-KUR,
Aššur-bēl-šadu'e,FALSE,A-šùr-bé-el-SA.TU-e,Aššur-bel-šadue
Aššur-bēl-šīmātim,FALSE,A-šùr-be-el-ší-ma-tim,
Aššur-bēlī,FALSE,A-šur-be-li,
Aššur-dadia,FALSE,,
Aššur-damiq,FALSE,A-šur-dá-mì-iq,
Aššur-dan,TRUE,A-šùr-dan,
Aššur-dan,TRUE,A-šùr-dan; A-šùr-da-an; A-šùr-dan-ni; A-šùr-da-ni,
Aššur-dān,FALSE,A-šùr-dan; A-šùr-da-an; A-šùr-dan-ni; A-šùr-da-ni,Aššur-dānni
Aššur-daya,FALSE,a-šur-da-a,
Aššur-DÙG,TRUE,A-šùr-DU10,
Aššur-DÙG,TRUE,A-šùr-DÙG,
Aššur-DÙG,TRUE,a-šùr-DÙG; A-šùr-DU10,
Aššur-dugul,FALSE,a-šur-du-gul,
Aššur-dūr-ilī,FALSE,A-šùr-du-ri-ni,
Aššur-dūrī,FALSE,A-šùr-du-ri,Aššur-duri
Aššur-ē-abāš,FALSE,{d}a-šùr-e-a-ba-áš,
Aššur-e-ašar,FALSE,a-šur-e-a-šar,
Aššur-ellitī,FALSE,a-šùr-e-li-tí,
Aššur-emuqi,FALSE,,
Aššur-emūqī,FALSE,A-šùr-e-mu-qí,
Aššur-ennam,FALSE,A-šùr-e-nam; a-šùr-e-na,Aššur-enna
Aššur-gašer,FALSE,a-šur-ga-šé-er,
Aššur-gimlī,FALSE,A-šùr-gi5-im-li,
Aššur-hussanni,FALSE,A-šùr-hu-sà-ni,
Aššur-iddin,TRUE,A-šùr-i-dí-in,
Aššur-iddin,TRUE,A-šùr-i-dí-in; a-šùr-i-dí-in; a-šur-i-dí-in; a-šùr-i-dí-in-ma,
Aššur-iddinam,FALSE,A-šùr-i-dí-nam,
Aššur-īde,FALSE,A-šùr-i-dí-e; a-šùr-i-de8-e,
Aššur-idi,TRUE,A-šùr-i-dí,
Aššur-idi,TRUE,a-šùr-i-dí; [a-šùr-i-]dí,
Aššur-idi,TRUE,a-šùr-i-dí; a-šùr-i-dì,
Aššur-idī,FALSE,A-šur-i-dí; a-šur-i-dí; a-šùr-i-dí; {d}a-šur-i-dí; {d}a-šùr-i-dí; a-šùr-i-dì; {d}a-šur-i-dí-ma; {d}a-šùr-i-dí-ma; a-šur-i-dí-ma; a-šùr-i-dí-ma; a-šùr-i-dì-ma; {m}a-šur-i-dì; a-šur-i-dì,
Aššur-ilātī,FALSE,A-šùr-i-lá-tí; a-šur-i-lá-tí,
Aššur-ilī,FALSE,A-šùr-DINGIR; a-šur-í-lì; a-šur-AN; a-šur-DINGIR; a-šùr-DINGIR-ma; a-šu-ra-an,Aššur-ilu; Aššur-ilum
Aššur-ilussu,FALSE,a-šur-il-us-su,
Aššur-imiti,TRUE,A-šur-i-mì-tí,
Aššur-imiti,TRUE,A-šùr-i-mì-tí,
Aššur-imiti,TRUE,A-šùr-i-mì-tí; A-šùr-mì-tí; a-šur-i-mì-tí,
Aššur-imittī,TRUE,A-šùr-i-mì-tí; A-šùr-mì-tí; a-šur-i-mì-tí,Aššur-imitti
Aššur-imittī,TRUE,a-šùr-i-mì-tí; {d}a-šùr-i-mì-tí; a-šùr-mì-tí; a-šur-mì-tí; a-šur-i-mì-tì; a-šùr-i-mì-ti; a-šu-im-mì-tí; {m}a-šùr-i-mì-tí; {m}a-šur-i-mì-tí; a-šùr-i-mì-tí-i; a-šùr-im-mì-tí; a-šur-i-mì-ti; a-šur-ì-mì-tí; a-šur-i-mi-ti; {d}a-šur-i-mì-tí; {d}a-šùr-i-mì-ti; a-šur-i-mì-tí-ma; a-šùr-mì-tí-ma; a-šur-i-mì-ti-ma; a-šùr-i-mi-ti; a-šùr-mì-ti; a-šur-mì-tì,
Aššur-inarašu,FALSE,A-šùr-i-na-ra-šu,
Aššur-ištikal,FALSE,A-šùr-iš-tí-kál,
Aššur-KA.MU-šu,FALSE,A-šur-KA.MU-šu,
Aššur-karwa,FALSE,A-šùr-qar-wa,
Aššur-kāšid,FALSE,A-šur-ka-ši-id,Aššur-kašid
Aššur-kēnam-īde,FALSE,A-šur-ke-nam-i-dí,
Aššur-kēnam-rām,FALSE,A-šur-ke-na-ra-am; A-šur-ke-nàm-ra-am,
Aššur-kēnum,FALSE,A-šùr-ki-nim,
Aššur-ki-<big_gap>,FALSE,A-šur-ki-<big_gap>,
Aššur-kī-abia,FALSE,a-šur-ki-a-bi-a,
Aššur-kibrī,FALSE,A-šùr-ki-ib-ri,
Aššur-KUR,FALSE,A-šur-KUR,
Aššur-lalšu,FALSE,A-šùr-lál-šu,
Aššur-lamašša,FALSE,A-šùr-lá-ma-ša,
Aššur-lamassī,FALSE,A-šùr-lá-ma-sí,Aššur-lamassi; Ašurlamasi
Aššur-libbi,FALSE,A-šùr-li-bi-i,
Aššur-liqa’i,FALSE,,
Aššur-liṭṭul,FALSE,a-šur-li-ṭù-ul,
Aššur-malik,TRUE,A-šùr-ma-lik,
Aššur-malik,TRUE,,
Aššur-mālik,FALSE,a-šùr-ma-lik,
Aššur-malkī,FALSE,a-šur-ma-al-ki,
Aššur-massu'ī,FALSE,A-šur-ma-sú-i,
Aššur-miti,TRUE,A-šur-mì-tí,
Aššur-miti,TRUE,a-šùr-mì-tí; a-šur-mì-tí,
Aššur-muballiṭ,FALSE,a-šur-mu-ba-li-iṭ,
Aššur-mudammiq,FALSE,A-šùr-mu-da-mì-iq,
Aššur-mušakšid,FALSE,a-šur-muš-ak-ší-id,
Aššur-mušalli,FALSE,a-šùr-mu-ša-lim; a-šur-mu-ša-lim; a-šur-mu-ba-lim; {m}a-šùr-mu-ša-lim,Aššur-mušallim
Aššur-mutabbil,FALSE,A-šùr-mu-ta-bi-il5; A-šùr-mu-ta-bil; A-šùr-mu-ta-bíl,Aššur-mutabil; Aššur-mutappil; Aššur-muttabbil
Aššur-na-<gap>,FALSE,A-šur-na-<gap>,
Aššur-nādā,FALSE,{d}A-šùr-na-da; a-šur-na-da; [a-š]ur-na-da,Aššur-nada
Aššur-nāru,FALSE,A-šùr-ID,
Aššur-nāṣir,FALSE,A-šùr-na-ṣí-ir,Aššur-naṣir
Aššur-nēmedī,FALSE,A-šùr-né-me-dí; A-šur-né-me-dí,Aššur-nemedi
Aššur-nimrī,FALSE,A-šùr-ni-im-ri; A-šùr-nim-ri; A-šùr-ni-wi-ri,Aššur-nimri
Aššur-nīšu,FALSE,A-šur-ni-šu,Aššur-nišu
Aššur-pālil,FALSE,A-šur-IGI.DU,
Aššur-pazi,FALSE,a-šur-PA.ZI,
Aššur-pī-nārātim,FALSE,A-šur-pì-na-ra-tim,
Aššur-pilah,FALSE,A-šùr-pí-lá-ah; A-šùr-pì-lá-ah,
Aššur-qābiā,FALSE,A-šùr-qá-bi4-a,
Aššur-qadika,FALSE,A-šùr-qá-dí-kà,
Aššur-qarwa,FALSE,,
Aššur-rabi,TRUE,A-šùr-GAL,
Aššur-rabi,TRUE,A-šùr-ra-bi,
Aššur-rabi,TRUE,A-šùr-ra-bi; A-šùr-GAL,
Aššur-re’i,TRUE,A-šùr-re-i; A-šùr-SIPA,
Aššur-re’i,TRUE,A-šùr-SIPA,
Aššur-rē’ī,FALSE,A-šùr-re-i; A-šùr-SIPA,Aššur-rē'ī
Aššur-redu,FALSE,,
Aššur-rēṣī,FALSE,A-šùr-re-ṣí,Aššur-reṣi
Aššur-rēṣum,FALSE,A-šùr-re-ṣa-am; A-šùr-ṣú-um,
Aššur-šad-ilī,FALSE,A-šùr-ša-dí-li,Aššur-šad-ile
Aššur-šadu'e,TRUE,A-šùr-ša-du-e,
Aššur-šadu'e,TRUE,A-šùr-ša-du-e; A-šùr-SA.TU-e,
Aššur-šadu’e,FALSE,A-šùr-ša-du-e; A-šùr-SA.TU-e; Aššur-ša-d[u-x],
Aššur-šaduni,FALSE,A-šùr-ša-du-ni,
Aššur-šalim,FALSE,A-šur-ša-lim; A-šùr-ša-lim,
Aššur-šamši,TRUE,A-šùr-{d}UTU-ši; A-šùr-UTU-ši,
Aššur-šamši,TRUE,A-šùr-UTU-ši,
Aššur-šamšī,TRUE,A-šùr-{d}UTU.SI,
Aššur-šamšī,TRUE,A-šùr-{d}UTU-ši; A-šùr-UTU-ši,
Aššur-ṣulūlī,FALSE,A-šùr-ṣú-lu-li; A-šùr-ANDUL; a-šur-ṣú-lu-li; a-šur-ANDUL; a-šùr-DÙL; a-šur-DÙL; a-šur-ṣú-lu-lí; a-šùr-AN.DÙL; a-šur-ANDUL-ma,Aššur-ṣululi; Aššur-ṣululī
Aššur-ṭab,TRUE,A-šur-DÙG,
Aššur-ṭab,TRUE,A-šur-DÙG; A-šùr-DU10,
Aššur-ṭāb,FALSE,A-šur-DÙG; A-šùr-DU10,
Aššur-takil,FALSE,a-šur-ta-ki-il5,
Aššur-taklaku,TRUE,a-šur-ta-at-lá-ku; a-šùr-ták-lá-ku,
Aššur-taklaku,TRUE,A-šùr-ták-lá-ku,
Aššur-taklāku,TRUE,A-šùr-ta-ak-lá-ku,
Aššur-taklāku,TRUE,A-šùr-ták-lá-ku; A-šùr-ta-ak-lá-ku,
Aššur-tappā'ī,FALSE,a-šur-ta-pá-i,
Aššur-tayyār,FALSE,a-šùr-ta-a-a-ar,
Aššur-tukultī,FALSE,A-šùr-tù-ku-ul-tí,Aššur-tukulti
Aššur-tūram,FALSE,,
Aššur-urhī,FALSE,a-šùr-ur-hi,
Aššuriš-takin,FALSE,A-šur-iš-ta-ki-in,
Aššuriš-tikal,FALSE,A-šùr-iš-tí-kál; A-šùr-iš-ta-kál; A-šùr-iš-ta-ki-il5; a-šùr-iš-tí-kál; a-šur-iš-tí-kál; a-šur-ìš-tí-kál; a-šùr-iš-ti-kál; a-šur-iš-ti-kál; a-šur-iš-tí-kál-ma; a-šur-iš-ta-kál; a-šur-iš-ta-ki-il5; a-šur-iš-ta-ki-il5-ma; a-šur-iš-ta-ki-il; a-šur-eš-tí-kál; a-šùr-ìš-tí-kál-ma,Aššuriš-takal; Aššuriš-takil
Aššuritum,FALSE,,
Aššurma-asû,FALSE,{d}A-šur-ma-a-sú,
Aštalkian,FALSE,A-áš-ta-al-ki-a-an,
Aštu,FALSE,Áš-du,
Ašu,FALSE,A-šu,
Ašu'uman,FALSE,A-šu-ú-ma-an,
Ašua,FALSE,a-šu-a; a-šu-a-a,Ašua’a
Ašuad,FALSE,A-šu-at; A-šu-a-at; A-šu-wa-at,
Ašuahšu,FALSE,A-šu-a-ah-šu,
Ašualka,FALSE,a-šu-al-ka,
Ašuan,TRUE,a-šu-a-an,
Ašuan,TRUE,a-šu-an,
Ašuaššu,FALSE,a-šu-a-šu,
Ašuat,FALSE,a-šu-at,
Asubala,FALSE,a-sú-ba-lá,
Ašukran,FALSE,A-šu-uk-ra-an; a-šu-uk-ra-an; a-šu-uk-ra; a-šu-uk-ru-ra-an; a-šu-uq-ra; a-šu-uk-ra-am; a-šu-uq-ra-am,Ašukram
Ašula,FALSE,A-šu-la,
Ašurmalik,TRUE,A-šur-ma-lik,
Ašurmalik,TRUE,a-šùr-ma-lik,
Ašurnada,FALSE,A-šur-na-da,
Ašuwan,TRUE,a-šu-wa-an-zi,
Ašuwan,TRUE,A-šu-wa-an; A-šu-a-an; A-zu-an,
Ašuwanzi,FALSE,a-šu-wa-an-zi,
Ašuwat,FALSE,a-šu-wa-at,
Ašuwelka,FALSE,a-šu-we-el-kà,
Ata,TRUE,a-ta,
Ata,TRUE,A-ta; a-t[a],
Ata’a’a,FALSE,a-ta-a-a,
Atabila,FALSE,A-ta-pì-la/lá,
Atadia,FALSE,,
Atadiya,FALSE,,
Atahšu,TRUE,A-ta-ah-šu,
Atahšu,TRUE,A-ta-ah-šu; A-da-ah-ší; a-ta-ah-šu; [a-]ta-ah-šu,
Ataia,FALSE,a-ta-i-a,
Atal-hatie,FALSE,at-al-ha-ti-e,
Atala,FALSE,A-ta-lá,
Atalatuar,FALSE,a-da-lá-tù-wa-ar; A-da-lá-<gap>-wa-ar,
Atali,TRUE,[a-ta-l]i; a-ta-li,
Atali,TRUE,a-ta-li,
Atali,TRUE,A-ta-li; A-ta-ni,
Atalia,FALSE,A-ta-li-a,
Atalka,FALSE,a-tal-ka,
Atalšat,FALSE,A-da-al-ša-at,
Atana,FALSE,a-ta-na,
Atanah,FALSE,A-ta-na-ah,
Atanah-ilī,FALSE,A-ta-na-ah-ì-lí,
Atani,FALSE,,
Atapila,TRUE,a-ta-pí-lá,
Atapila,TRUE,a-ta-pì-lá,
Atarkanam,FALSE,,
Atata,TRUE,A-ta-ta,
Atata,TRUE,A-ta-ta-a,
Atata,TRUE,A-ta-ta; A-ta-ta-a,
Atati,FALSE,A-ta-tí,
Atatia,FALSE,A-ta-tí-a,
Atatum,FALSE,A-ta-tum,
Ataya,TRUE,A-ta-a,
Ataya,TRUE,A-ta-a; A-ta-a-a; A-ta-i-a; A-ta,
Atāya,TRUE,A-ta-a,
Atāya,TRUE,A-ta-a-a,
Atāya,TRUE,A-ta-a; A-ta-a-a; A-ta-i-a; A-ta,
Atazi,FALSE,,
Atiti,FALSE,A-tí-tí-i,
Atmalik,FALSE,At-ma-lik,
Attal-šarrī,FALSE,,
Atula,FALSE,a-du-la,
Atuman,FALSE,a-tù-ma-an,
Awariwa,FALSE,a-wa-ri-wa,
Awarnahuš,FALSE,A-wa-ar-na-hu-uš,
Awawani,FALSE,A-wa-wa-ni,
Awiala,FALSE,a-wi-a-lá,
Awīlia,FALSE,A-wi-li-a,
Awiltum,FALSE,,
Awinana,FALSE,,
Awuršarazana,FALSE,a-wu-ur-ša-ra-za-na,
Ay-amši-ilī,FALSE,A-a-am-ší-el; E-am-ší-i-li,
Aya,FALSE,A-a; A-a-a,
Ayadu,FALSE,a-a-a-du,
Ayahšu,FALSE,A-a-ah-šu,
Ayahšunu,FALSE,A-a-ah-šu-nu,
Ayahum,FALSE,,
Ayali,FALSE,a-a-a-li,
Ayālu,FALSE,A-a-li,
Aykudadi,FALSE,A-i-gu-da-dí,
Ayyu-ken,FALSE,A-ú-ki-in; A-ú-um-ki-in; A-a-ki-in,
Ayyu-kēn,FALSE,A-ú-ki-in; A-ú-um-ki-in; A-a-ki-in,
Azala,FALSE,A-za-lá-a,
Azalāya,FALSE,,
Azamilum,FALSE,,
Azania,FALSE,a-sà-ni-a,
Azāya,FALSE,A-za-a; A-za-a-a,
Azazalum,FALSE,A-za-za-lim,
Azia,FALSE,a-sí-a,
Azida,FALSE,a-zi-da,
Azirim,FALSE,a-zi-ri-im,
Aziru,FALSE,a-zi-ru,
Aziru-<gap>,FALSE,a-zi-ru-[x],
Aziruma,FALSE,A-zi-ru-ma,
Azitaria,FALSE,a-zi-ta-ri-a,
Aziza,FALSE,A-zi-za,
Azizaš,FALSE,a-zi-za-áš,
Azizum,FALSE,A-zi-zi-im,
Azu,TRUE,A-zu,
Azu,TRUE,A-zu-ú,
Azu,TRUE,a-zu-ú; a-zu,
Azu,TRUE,A-zu; A-zu-ú,
Azua,TRUE,A-zu-a,
Azua,TRUE,A-zu-a; A-zu-a-a; A-zu-wa,
Azuda,FALSE,,
Azue,FALSE,a-zu-e,
Azuilka,FALSE,,
Azuka,FALSE,A-zu-kà,
Azukani,FALSE,A-zu-kà-ni,
Azukatum,FALSE,A-zu-kà-tù-um,
Azukāya,FALSE,,
Azukum,FALSE,,
Azul,FALSE,az-ul,
Azulka,TRUE,A-zu-ul-kà,
Azulka,TRUE,a-zu-ul-kà!,
Azulša,FALSE,A-zu-ul-ša,
Azuma,FALSE,A-zu-ma-a,
Azumana,FALSE,A-zu-ma-na; A-zu-ma-num,
Azumanum,FALSE,,
Azumei,FALSE,a-zu-me-i,
Azumi,FALSE,A-zu-me-i,
Azumia,FALSE,A-zu-me-a,
Azuna,FALSE,A-zu-na-a,
Azunaya,FALSE,,
Azunāya,FALSE,,
Azunaza,FALSE,,
Azunina,FALSE,A-zu-ni-na,
Azupia,FALSE,A-zu-pì-a,
Azuta,FALSE,,
Azutaya,FALSE,,
Azutāya,TRUE,A-zu-da; A-zu-ta-a,
Azutāya,TRUE,A-zu-ta-a,
Azuwa,TRUE,A-zu-a; A-zu-a-a; A-zu-wa,
Azuwa,TRUE,a-zu-wa,
Azuwe,FALSE,A-zu-e; A-zu-wa,
Azuwelka,TRUE,a-zu-e-el-kà,
Azuwelka,TRUE,A-zu-el-kà; A-zu-e-el-kà; A-zu-we-el-kà; A-zu-ul-kà,
Azuwelka,TRUE,a-zu-wi-il5-kà,
Azuza,TRUE,A-zu-za,
Azuza,TRUE,A-zu-za; A-zu-za-a,
Azuzāya,FALSE,,
Azuzu,FALSE,A-zu-zu,
Ba-al-Ištar,FALSE,,
Ba-al-ma-da-lá,FALSE,,
Ba-al-zu-<gap>,FALSE,Ba-al-zu-x x,
Ba-lu-a,FALSE,,
Ba-za-a,FALSE,,
Bā’irī,FALSE,ba-ir-i,
Baba,FALSE,,
Babala,FALSE,ba-ba-lá,
Babalu,FALSE,,
Babalum,FALSE,,
Babaršimala,FALSE,ba-ba-ar-ši-ma-la,
Babašiba,FALSE,ba-ba-ší-ba,
Babaya,FALSE,Ba-ba,
Babazua,FALSE,Ba-ba-zu-a,
Babbali,FALSE,,
Babia,FALSE,ba-bi-a,
Babidi,FALSE,ba-bi-ti,
Babila,FALSE,ba-bi-la,
Babilanum,FALSE,Ba-ba-lá-ni; Ba-bi4-lá-num,
Babili,FALSE,ba-bi-li,
Babirum,FALSE,,
Badadum,FALSE,,
Badaša,FALSE,Ba-da!-ša,
Badatim,FALSE,,
Badatum,FALSE,,
Badaya,FALSE,Ba-ta-a,
Badia,FALSE,Pá-tí-a,
Badidāya,FALSE,,
Baeri,FALSE,ba-er-i,
Bagāya,FALSE,,
Bahum,FALSE,,
Bahutum,FALSE,,
Bairi,FALSE,Ba-i-ri,
Bakila,FALSE,Ba-ki-lá,
Baku,FALSE,,
Bakunum,FALSE,,
Bakuwa,FALSE,,
Bal-ālum,FALSE,Ba-la-lim,
Bal-Anum,FALSE,Ba-lá-nim,
Bal-Ištar,FALSE,Ba-al-Ištar,
Bala,FALSE,,
Balānum,FALSE,,
Balaya,FALSE,,
Balāya,FALSE,,
Baldua,FALSE,,
Baldušar,FALSE,,
Balia,FALSE,Ba-li-a,
Balṭu-kašid,FALSE,ba-al-ṭu-ka-ši-id,
Balṭu-šar,FALSE,Ba-al-ṭù-šar,
Balṭua,FALSE,Ba-al-ṭù-a,
Balṭuim,FALSE,,
Balṭum,FALSE,,
Baltutu,FALSE,ba-al-tù-tù,
Balua,FALSE,ba-lu-a,
Balum-Nimar,FALSE,,
Bana,FALSE,ba-na,
Banaka,FALSE,,
Bānī-Aššur,FALSE,,
Bania,FALSE,Ba-ni-a,
Baqqunum,FALSE,,
Baranum,FALSE,Ba-ra-num; Ba-ra-nim,
Barbaria,FALSE,bar-bar-ia,
Barhili,FALSE,,
Bari,FALSE,ba-ri,
Baridia,FALSE,ba-ri-di-a,
Barimeya,FALSE,,
Barkuia,FALSE,Pá-ar-ku-i-a,
Barkuya,FALSE,,
Barmila,FALSE,Pá-ar-me-lá,
Barruq,FALSE,Ba-ru-uq,
Baršiak,FALSE,bar-ši-ak,
Baršibala,FALSE,bar-ši-ba-la,
Baruawata,FALSE,,
Baruawe,FALSE,,
Barubium,FALSE,Ba-ru-bi-um,
Baruk,FALSE,,
Baruka,FALSE,ba-ru-ka,
Barukin,FALSE,Ba-ru-ki-in,
Baruq,FALSE,,
Baruška,FALSE,Pá-ru-uš-kà,
Barwamada,FALSE,Pá-ar-wa-ma-da,
Barwawaša,FALSE,Pár-wa-wa-ša,
Basa,FALSE,Ba-sá-a; Ba-sá-a-a; Ba-za; Ba-za-a,
Basalānum,FALSE,Ba-sá-lá-nim,
Basasa,FALSE,,
Basaya,FALSE,,
Baši,FALSE,ba-ši,
Bašilum,FALSE,Ba-ší-lim,
Bāštu-bāni,FALSE,{d}Ba-áš-tù-ba-ni,
Bāštu-damqat,FALSE,UR-SIG5; UR-dam-qá-at,
Bataku,FALSE,ba-ta-ku,
Batanašwa,FALSE,ba-ta-na-áš-wa,
Batatum,FALSE,Ba-ta-tum,
Batāya,FALSE,,
Batuhla,FALSE,ba-tuh-la,
Baya,FALSE,ba-a,
Baza,FALSE,Ba-za-a,
Bazaya,FALSE,,
Bazaza,FALSE,Ba-za-za,
Bazazāya,FALSE,,
Bazi,TRUE,Ba-zi,
Bazi,TRUE,Ba-zi; Ba-zi-e,
Bazia,FALSE,Ba-zi-a,
Baziānum,FALSE,,
Baziašu,FALSE,,
Bazien,FALSE,ba-zi-in,
Bazin,FALSE,,
Bazitum,FALSE,Ba-zi-tim,
Baziya,FALSE,,
Bazua,FALSE,ba-zu-a,
Bebe,FALSE,Be-e-be,
Bekaya,FALSE,,
Bēl-abum,FALSE,Be-el-a-bi-im,
Bēl-Anum,FALSE,Be-el-A-nim,
Bēl-bāni,FALSE,Be-el-ba-ni,
Bēl-ilī,FALSE,Be-el-DINGIR,
Bēl-nišu,FALSE,Be-el-ni-šu,
Bēl-ṭāb,FALSE,Be-el-DU10,
Bēlāni,FALSE,Be-lá-ni,
Bēlānia,FALSE,Be-lá-ni-a,
Belanum,TRUE,Be-lá-num,
Belanum,TRUE,Be-lá-num; Bé-lá-num; Be-lá-a-nim,
Bēlānum,FALSE,Be-lá-num; Bé-lá-num; Be-lá-a-nim,
Belara,FALSE,be-el-a-ra,
Bēlassunu,FALSE,bé-lá-sú-nu,
Bēlatum,FALSE,Be-lá-tim,
Belazu,FALSE,be-el-az-u,
Belazua,FALSE,,
Belazuna,FALSE,be-el-az-un-a,
Belazzia,FALSE,be-el-az-ia,
Bēlī-ālum,FALSE,Be-lí-a-lim,
Bēli-Anum,FALSE,Be-lí-a-nim,
Bēli-Aššur,FALSE,Be-lí-a-šur; Be-lí-a-šùr,
Bēlī-ṭāb,FALSE,Bé-lí-DÙG; Be-lí-DÙG; Bé-lí-DU10; Be-lí-DU10,
Bēlia,TRUE,Be-li-a,
Bēlia,TRUE,Be-li-a; Bé-lí-a; Be-li-a-a,
Belili,FALSE,Be-li-li,
Bēliya,FALSE,,
Belum-bani,FALSE,Be-lúm-ba-ni,
Bēlum-bāni,FALSE,Be-lúm-ba-ni,
Bēlum-dān,FALSE,bé-lum-da-an,
Bēlum-īdī,FALSE,bé-lum-i-dí,
Bēlum-mušallim,FALSE,Be-lúm-mu-ša-lim,
Bēlum-nādā,FALSE,Be-lúm-na-da; Bé-lu-na-da,
Bēlum-rabi,FALSE,be-lum-ra-bi,
Bērūtum,FALSE,,
Bešahšu,FALSE,be-ša-ah-šu,
Bētum-šalim,FALSE,,
Beya,FALSE,,
Beziya,FALSE,,
Bi-ga-a,FALSE,Bi-ga-a,
Bia,FALSE,Bi-a,
Bialumahši,FALSE,bi-al-um-ah-ši,
Bibi,FALSE,Bi-bi,
Bibira,FALSE,Bi-bi-ra,
Bida,FALSE,Bi-da,
Bidaki,FALSE,Bi-da-ki,
Bidia,FALSE,Bi-di-a,
Bidianalka,FALSE,bi-di-an-al-ka,
Bidibidi,FALSE,Bi-di-bi-di,
Bididi,FALSE,Bi-di-di,
Bika,FALSE,Bi-kà-a,
Bikaya,FALSE,,
Bikuša,FALSE,bi-ku-ša,
Bikwar,FALSE,,
Bilala,FALSE,bi-la-la,
Bilania,FALSE,bi-la-ni-a,
Bilašinu,FALSE,Be-lá-ší!-nu,
Bilbizi,FALSE,,
Bilišu,FALSE,bi-li-šu,
Biliu,FALSE,bi-li-u,
Biluatišu,FALSE,Pí-lu-a-tí-šu,
Bilulu,FALSE,bi-lu-lu,
Bina,FALSE,,
Bira,FALSE,bi-ra,
Biradi,FALSE,bi-ra-di,
Biraqi,FALSE,bi-ra-qí,
Biria,FALSE,bi-ri-a,
Biriwahšadi,FALSE,,
Biruria,FALSE,,
Biruwahšadi,FALSE,,
Birwahšu,FALSE,,
Birwala,FALSE,,
Birwali,FALSE,,
Bišahnahšu,FALSE,Pì-ša-na-ah-šu,
Bišahšu,FALSE,Pì-ša-ah-šu,
Bišanahšu,FALSE,Pì-ša-na-ah-šu,
Biširi,FALSE,Pí-ší-ri,
Bištahšu,FALSE,,
Bitawa,FALSE,Pí-ta-wa,
Bitaya,FALSE,,
Bititi,FALSE,,
Biza,FALSE,Be-za,
Bizala,FALSE,,
Bizani,FALSE,,
Bizaza,FALSE,Bi-za-za,
Bizazu,FALSE,bi-za-zu,
Bizia,FALSE,Bi/Be-zi-a,
Biziala,FALSE,,
Bizila,FALSE,,
Bizuka,FALSE,,
Bu-bu-ra-num,FALSE,Bu-bu-ra-num,
Bu-ga-a,FALSE,Bu-ga-a,
Bu-ta-a,FALSE,Bu-ta-a,
Buana,FALSE,bu-a-na,
Bubalia,FALSE,bu-ba-li-a,
Bubuar,FALSE,bu-bu-a-ar,
Bubuati,FALSE,bu-bu-a-ti,
Bubulānum,FALSE,,
Buburānum,FALSE,Bu-bu-ra-num,
Bubuwar,FALSE,,
Bubuwari,FALSE,,
Buda,FALSE,Bu-da-a,
Budātum,FALSE,Bu-da-dim,
Budaya,FALSE,,
Bududu,FALSE,Bu-du-du,
Buhanu,FALSE,Bu-ha-nu,
Buhata,FALSE,bu-ha-ta,
Buhia,FALSE,bu-hi-a,
Buhšia,FALSE,,
Bui,FALSE,bu-i,
Buka,FALSE,Bu-kà-a,
Bukanum,FALSE,,
Bukānum,FALSE,Bu-kà-nim,
Bukkidi,FALSE,bu-uk-i-dí,
Bukulam,FALSE,,
Bula,FALSE,Bu-la/lá,
Bulala,FALSE,Bu-lá-lá,
Bulali,FALSE,bu-la-li,
Bulana,FALSE,bu-la-na,
Buli,FALSE,bu-li,
Bulia,FALSE,,
Bulili,FALSE,Pu-li-li-i,
Buliluašwe,FALSE,,
Bulina,FALSE,,
Buluhala,FALSE,bu-lu-ha-la,
Bululu,FALSE,bu-lu-lu,
Buluṭ-bēlī,FALSE,Bu-lu-uṭ-bé-lí,
Bum-Anim,FALSE,,
Buna,FALSE,,
Bunamuwadi,FALSE,,
Bunawašu,FALSE,,
Bunima-ahum,FALSE,Bu-ni-ma-; Bi-ni-ma-hu-um; Bi-ni-ma-hi-im,
Būr-Adad,FALSE,Bu-ur-{d}IM,
Būr-Aššur,FALSE,Bu-ur-A-šùr,
Bur-Ea,FALSE,,
Būr-Ea,FALSE,bu-re-e-a,
Bur-Ištar,FALSE,,
Būr-Ištar,FALSE,Bu-ur-Ištar; Bur-Ištar,
Būr-Nunu,FALSE,Bur-Nu-nu,
Būr-Šamaš,FALSE,bu-ur-UTU,
Būr-Šilim,FALSE,,
Bur-Suen,FALSE,,
Būr-Suen,FALSE,Bu-ur-Sú-en6; Bur-,
Bura,FALSE,,
Būram-ilī,FALSE,Bu-ra-am-ì-lí,
Burama,FALSE,,
Buramama,FALSE,bu-ra-ma,
Burame,FALSE,Pu-ra-me-e,
Burāya,FALSE,Bu-ra-a,
Burburanum,FALSE,,
Burka,FALSE,bu-ur-ka,
Burkānum,FALSE,Bu-ur-kà-num,
Burkia,FALSE,Bu-ur-ki-a,
Buršilum,FALSE,Bur-ší-lim,
Burušhaddaean,FALSE,,
Buruška,FALSE,Pu-ru-uš-kà,
Burwašna,FALSE,bur-wa-áš-na,
Burzum,FALSE,,
Bušali,FALSE,bu-ša-li,
Busašana,FALSE,bu-sa-ša-na,
Busāsu,FALSE,Bu-za-zu,
Būṣia,FALSE,Bu-ṣí-a,
Buškana,FALSE,Bu-uš-kà-na,
Buškānum,FALSE,,
Bušušu,FALSE,bu-šu-šu,
Buta,FALSE,,
Butāya,FALSE,Bu-ta; Bu-ta-a; Bu-ta-a-a,
Butkan,FALSE,bu-ut-ka-an,
Butkum,FALSE,Bu-ut-ki-im,
Butqum,FALSE,,
Buza,FALSE,Bu-za; Bu-za-a,
Buzānum,FALSE,Bu-za-nu-um,
Buzaza,FALSE,Bu-za-za,
Buzazu,FALSE,Bu-za-zu,
Buzazum,FALSE,Bu-za-zu-um,
Buzi,FALSE,Bu-zi,
Buzia,FALSE,Bu-zi-a,
Buzilīya,TRUE,Bu-zi-li-a; Bu-zu-li-a; Bu-zu-lí-a,
Buzilīya,TRUE,Bu-zu-li-a,
Buziya,FALSE,bu-zi-a,
Buzizi,FALSE,Bu-zi-zi,
Buzizia,FALSE,Bu-zi-zi-a,
Buzizim,FALSE,Bu-zi-zi-im,
Buzkinim,FALSE,,
Buzu,FALSE,Bu-zu,
Buzua,FALSE,Bu-zu-a,
Buzulīya,FALSE,Bu-zi-li-a; Bu-zu-li-a; Bu-zu-lí-a,Buzulia
Buzur,FALSE,,
Buzutaya,FALSE,,
Buzutāya,FALSE,Bu-zu-ta-a; Bu-zu-ta,Buzutaya
Buzuwa,FALSE,,
Buzuzum,FALSE,Bu-zu-zi-im; bu-zu-zi-in; Bu-zu-zu-um; Bu-zu-zu,Buzuzu(m); Buzuzu; Buzuzim
Da-ak-ni-šar,FALSE,Da-ak-ni-šar,
Dada,FALSE,da-da,
Dada’a,FALSE,Da-da-a,
Dadania,FALSE,,
Dadanim,TRUE,Da-da-nim,
Dadanim,TRUE,Da-da-nu-um; da-da-nim,
Dadānum,FALSE,Da-da-nu-um; da-da-nim,
Dadaya,FALSE,Da-da,
Dadia,TRUE,Da-dí-a,
Dadia,TRUE,Da-dí-e; ta-dí-e,
Dādia,FALSE,Da-dí-a; Da-dí-a-a,
Dadiya,FALSE,,
Dadma,FALSE,,
Dadme,FALSE,da-ad-me,
Daduli,FALSE,Da-du-li,
Dadum,FALSE,Da-dim,
Dādum,FALSE,Da-dim,
Daduni,FALSE,da-du-ni,
Daga,FALSE,,
Dagabia,FALSE,da-ga-bi-a,
Dagaim,FALSE,,
Dagān-malkum,FALSE,,Dagan-malkum
Dagānia,FALSE,Da-ga-ni-a,
Dahsi,FALSE,da-ha-si,
Dahuranta,FALSE,Da-hur-an-ta,
Daki,FALSE,,
Dakni-<gap>,FALSE,da-ak-ni-<gap>,
Daknibim,FALSE,,
Dakniš,TRUE,Da-ak-ni-iš,
Dakniš,TRUE,ta-ak-ni-iš,
Daku,FALSE,da-ku,
Daku’u,FALSE,da-ku-ú,
Dakuku,FALSE,Da-ku-ku,
Dakuna,FALSE,Da-ku-na,
Dalaš,TRUE,Da-lá-áš,
Dalaš,TRUE,Da-lá-áš; Ta-la-áš,
Dalašmada,FALSE,,
Daliā,FALSE,Tí-li-i-a; tí-li-i-a,
Dallum,FALSE,Da-lim,
Daluna,FALSE,Da-lu-na,
Damiq-Adad,FALSE,da-mi-iq-ad-ad,
Damiq-Adalur,FALSE,SIG5-a-da-lu-ur,
Damiq-pi-Aššur,FALSE,SIG5-pí-A-šur,
Damiq-pī-Aššur,FALSE,SIG5-pí-A-šur,
Damišid,FALSE,da-mi-ši-id,
Damna,FALSE,da-am-na,
Damqat-kittum,FALSE,Dam-at-ki-tim,
Damqātum,FALSE,,
Damqaya,FALSE,,
Damqāya,FALSE,Dam-qá-a,
Damqum,FALSE,SIG5; SIG5-im; Ta-am-ki,
Damudi,FALSE,Da-mu-tí,
Damuma,FALSE,Da-mu-ma,
Dan-Aššur,TRUE,Dan-A-šur,
Dan-Aššur,TRUE,Dan-A-šùr,
Dan-Aššur,TRUE,dan-a-šur; dan-a-šùr,
Dan-Aššur,TRUE,,
Dān-Aššur,FALSE,Dan-a-šùr; Da-na-a-šur; Dan-na-a-šùr,
Dan-beli,FALSE,,
Dan-Ea,FALSE,Dan-É-a; Da-ni-a,
Dān-Ea,FALSE,Dan-É-a; Da-ni-a,
Dan-ili,FALSE,Dan-ì-lí,
Dān-ilī,TRUE,Da-nam!-ili,
Dān-ilī,TRUE,Dan-ì-lí,
Dan-in-na-nu,FALSE,dan-in-na-nu,
Dan-Ištar,FALSE,Dan-Ištar,
Dān-Ištar.ZA.AT,FALSE,Dan-Ištar-za-at,
Dān-Wēr,FALSE,Dan-We-er,
Danadam,FALSE,,
Dānāya,FALSE,,
Dani,FALSE,da-ni,
Dania,FALSE,,
Danna-Aššur,FALSE,,
Danna-el,FALSE,,
Dannāya,FALSE,Da-na-a; Da-na-a-a; Dan-na-a,
Dannua,FALSE,Da-nu-a,
Dannum,FALSE,Da-nim,
Dannum-ili,FALSE,,
Dannum-ilī,FALSE,Da-nu-um-ì-lí; Dan-na-i-el,
Dannum-Suen,FALSE,Ta-nu-Sí-in,
Danua,FALSE,da-nu-a,
Danuma,FALSE,Da-nu-ma,
Danuni,FALSE,Da-nu-ni,
Daqqum,FALSE,Da-qí-im,
Darakšu,FALSE,da-ra-ak-šu,
Daraku,FALSE,da-ra-ku,
Daraš,FALSE,da-ra-áš,
Daraši,FALSE,da-ra-ši,
Darasu,FALSE,da-ra-su,
Darawazi,FALSE,da-ra-wa-zi,
Darāya,FALSE,,
Darhašiad,FALSE,,
Darhašiat,FALSE,da-ar-ha-ší-at,
Darikuda,FALSE,,
Darnuaru,FALSE,dar-nu-a-ru,
Darum,FALSE,,
Dašulhan,FALSE,Da-šu-ul-ha-an,
Dašušu,FALSE,da-šu-šu,
Datnaš,FALSE,Da-at-na-áš,
Dau,FALSE,Da-a-ú,
Daya,TRUE,Da-a-a,
Daya,TRUE,Da-a; Da-a-a,
Dibukunian,FALSE,,
Dibula,FALSE,,
Dibulka,FALSE,di-bul-ka,
Dida,FALSE,Dí-da-a; Dí-ta-a,
Didaya,FALSE,,
Didia,FALSE,di-di-a,
Didimi,FALSE,,
Didinari,FALSE,di-di-na-ri,
Dikara,FALSE,,
Dikarašu,FALSE,,
Dikišana,FALSE,,
Dikšar,FALSE,dí-ik-šar,
Dilina,FALSE,,
Dilinani,FALSE,,
Diliya,FALSE,,
Dimlikum,FALSE,,
Dimu-il,FALSE,di-mu-il,
Dinala,FALSE,,
DINGIR-zi-<big_gap>,FALSE,DINGIR-zi-<big_gap>,
Dinlikum,FALSE,,
Diša,FALSE,di-ša,
Dišaiš,FALSE,,
Dita,FALSE,,
Ditānum,FALSE,Dí-ta-num; Dí-ta-nu,
Ditiya,FALSE,,
Diwadia,FALSE,di-wa-di-a,
Diwalis,FALSE,,
Dizuhi,FALSE,di-zu-hi,
Dizuhu,FALSE,,
Du-da-a,FALSE,Du-da-a,
Du-du-a,FALSE,Du-du-a,
Du-hu-ší-e-el,FALSE,Du-hu-ší-e-el,
Du-ra-a,FALSE,Du-ra-a,
Du-za,FALSE,Du-za,
Duarhunu,FALSE,,
Dubakili,FALSE,Tù-pá-gi-li,
Dubawatar,FALSE,du-ba-wa-tár,
Dubduku,FALSE,Tù-up-tù-ku,
Dubizi,FALSE,Du-be-zi,
Duda,FALSE,Du-da,
Dudaya,FALSE,Du-da-a; Du-ta-a,
Dudika,FALSE,,
Dudiki,FALSE,Du-dí-ki,
Dudu,TRUE,Du-du,
Dudu,TRUE,Du-du; Du-du-ú; Du-ú-du,
Dudua,FALSE,Du-du-a,
Dudubātum,FALSE,,
Dudubiala,FALSE,Tù-tù-pí/pì-a-lá,
Dudulani,FALSE,du-du-lá-ni,
Duduli,FALSE,,
Duduna,FALSE,Tù-tù-na,
Dudurum,FALSE,,
Duhduhani,FALSE,,
Duhniš,FALSE,,
Duhunara,FALSE,Tù-hu-na-ra,
Duhušibha,FALSE,Tù-hu-ší-ip-ha,
Duhušili,FALSE,,
Duhušilim,FALSE,,
Duhušmati,FALSE,Tù-hu-uš-ma-tí,
Dukail,FALSE,Tù-kà-el,
Dukli,FALSE,du-uk-li,
Dukšum,FALSE,,
Dulduma,FALSE,,
Duli,FALSE,Du-li,
Dulia,FALSE,Tù-li-a,
Dulili,FALSE,Du-li-li,
Dumahir,FALSE,du-ma-hi-ir,
Dumana,FALSE,Du-ma-na,
Dumeni,FALSE,du-me-ni,
Dumqāya,FALSE,,
Dumqi-Ištar,FALSE,,
Dumqiya,FALSE,,
Dumu,FALSE,,
Dumuq-Ištar,FALSE,Du-mu-uq-Ištar,
Duni,FALSE,du-ni,
Dunia,FALSE,Du-ni-a,
Dunikuni,FALSE,du-ni-ku-ni,
Dunini,FALSE,Du-ni-ni,
Dunniya,FALSE,,
Dunum,FALSE,,
Dunumna,FALSE,,
Dunumnaš,FALSE,,
Dunumnazu,FALSE,du-nu-um-na-zu,
Dununi,FALSE,Du-nu-ni,
Dunuzi,FALSE,du-nu-zi,
Dupizi,FALSE,du-pì-zi; du-pì-zi,
Duqāqum,FALSE,Du-qá-qí-im,
Dūr-āliša,FALSE,du-ur-a-li-ša,
Dūr-Aššur,FALSE,,
Dūr-Ištar,FALSE,,
Durhala,FALSE,,
Duri,FALSE,,
Dūru-Dagān,FALSE,Du-ru-{d}Da-gán,
Durubi,FALSE,,
Duruhna,FALSE,,
Duruhnu,FALSE,,
Duša,FALSE,du-ša,
Dušala,FALSE,,
Dušara,FALSE,,
Dušaša,FALSE,,
Duškurunua,FALSE,,
Dušu,FALSE,,
Dušua,FALSE,,
Dušuba,FALSE,,
Dušubu,FALSE,,
Dušunama,FALSE,,
Dutala,FALSE,du-ta-la,
Duwa,FALSE,,
Duwakammalia,FALSE,,
Duwazi,FALSE,du-wa-zi,
Duwiduwi,FALSE,,
Duzanani,FALSE,du-za-na-ni,
Duzuši,FALSE,Du-zu-ší,
E-din-Adad,FALSE,,
E-me-el,FALSE,,
E-me-ri-mu-ša,FALSE,,
E-na,FALSE,,
E-na-a,FALSE,,
E-na-ma-a,FALSE,,
E-na-ni-a,FALSE,,
E-na-za,FALSE,,
E-ni-ša-ru-um,FALSE,,
E-nu-me-a,FALSE,,
E-ša-lam,FALSE,,
E-šu-ba-ni,FALSE,,
E-TA-lúm,FALSE,,
E-um-Aššur,FALSE,,
E-wa-ar-mu-ša,FALSE,,
E-wa-ri-ma-da-al,FALSE,,
E'amši-ilī,FALSE,,
Ea-abušu,FALSE,É-a-a-bu-šu,
Ea-amši,FALSE,e-a-am-ši,
Ea-bāni,FALSE,É-a-ba-ni; {d}BE-ba-ni,
Ea-bāštī,FALSE,E-a-ba-áš-tí,
Ea-damiq,FALSE,E-a-da-mì-iq,
Ea-dan,FALSE,,
Ea-dān,FALSE,É-a-dan; I-a-dan,
Ea-ilī,FALSE,E-a-ì-lí,
Ea-mālik,FALSE,e-a-ma-lik,
Ea-šar,FALSE,E-a-šar; É-a-šar; I-a-šar; I-a-ša-ar,
Ea-ZU,FALSE,,
Ebibuni,FALSE,e-bi-bu-ni,
Ebir-Suen,FALSE,eb-ir-su-en,
Ebirna,FALSE,e-bi-ir-na,
Edātum,FALSE,E-da-dum; E-da-dim,
Eddin-Aššur,TRUE,e-dí-in-a-šùr,
Eddin-Aššur,TRUE,e-dí-in-a-šùr; e-dí-in-a-šur,
Eddinaya,FALSE,,
Eddināya,FALSE,,
Edin-Aššur,TRUE,e-dí-in-a-šùr,
Edin-Aššur,TRUE,e-dí-in-a-šùr; e-dí-in-da-šùr,
Edina,FALSE,,
Edinum,FALSE,,
Ehašra,FALSE,E-ha-áš-ra,
Ehliadu,FALSE,Eh-li-a-du,
Ehue,FALSE,E-hu-e,
Eka,FALSE,,
Ekia,FALSE,E-ki-a,
Ela,TRUE,E-lá,
Ela,TRUE,E-lá; E-lá-a; E-lá-a-a,
Ela-Suen,FALSE,E-lá-Sú-in,
Elaip,FALSE,E-lá-ip,
Elali,TRUE,e-lá-li,
Elali,TRUE,E-lá-lí,
Elāli,FALSE,E-lá-li; E-lá-lí,
Elālia,FALSE,,
Elališar,FALSE,e-la-li-šar,
Elaliya,FALSE,E-lá-li-a,
Elamma,FALSE,E-la-ma; E-lá-ma; E-lam-ma,
Elani,FALSE,e-lá-ni,
Elaniuman,FALSE,e-lá-ni-ú-ma-an,
Elānum,FALSE,,
Elanuma,FALSE,e-la-nu-ma,
Elaya,FALSE,,
Elbata,FALSE,El-ba-ta,
Eli,FALSE,E-li,
Eli-atta,FALSE,e-li-at-ta,
Elia,FALSE,,
Eliahšušar,FALSE,e-li-ah-šu-ša-ar,
Elirakuni,FALSE,E-li-ra-ku-ni,
Elišaki,FALSE,e-li-ša-ki,
Elišru,FALSE,e-lí-iš-ru,
Ellat-Suen,FALSE,ILLAT-sú-in,
Elumanum,FALSE,E-lu-ma-num,
Elunum,TRUE,e-lu-nim,
Elunum,TRUE,e-lu-nim; e-lu-n[am],
Emaya,FALSE,e-ma-a,
Ememe,TRUE,E-me-me,
Ememe,TRUE,E-me-me; I-me-me; E-e-me-me; E-me-me -i,
Emeni,FALSE,e-me-ni,
Emerši,FALSE,E-me-er-ší,
Emertum,FALSE,,
Emia,FALSE,e-mì-a,
Emmertum,FALSE,E-me-er-tim,
Emqum,FALSE,Em-qí-im,
Emua,FALSE,e-mu-a,
Emūqī-Aššur,FALSE,e-mu-qí-a-šur,
En-na-a,FALSE,,
En-na-a-ni,FALSE,,
En-um-a,FALSE,,
Ena-Suen,FALSE,e-na-sú-in,
Enabašat,FALSE,E-na-ba-ša-at,
Enah-ilī,FALSE,,
Enam,FALSE,E-nam,
Enam-Anum,TRUE,e-nam-a-nim,
Enam-Anum,TRUE,e-nam-a-nim; e-nam-a-num,
Enam-Aššur,TRUE,e-nam-da-šùr,
Enam-Aššur,TRUE,e-nam-da-šùr; e-nam-a-šùr,
Enama-Aššur,FALSE,E-na-ma-A-šur,
Enān-ilīšu,FALSE,E-na-ni-lí-šu,
Enanim,FALSE,e-na-nim,
Enareṣu,FALSE,E-na-re-ṣú-ú; E-na-re-ṣú-um,
Enaza,FALSE,e-na-za,
Eni-<big_gap>,FALSE,e-ni-<big_gap>,
Enibaš,FALSE,en-ib-aš,
Enibāš,FALSE,E-ni-ba-áš,
Enibašat,FALSE,,
Enilka,TRUE,E-ni-el-kà,
Enilka,TRUE,e-ni-il5-kà,
Enišar,FALSE,,
Enišarum,FALSE,,
Enišbirum,FALSE,,
Enišru,FALSE,E-ni-iš-ru,
Eništarum,FALSE,E-ni-iš-ta-ru-um,
Enlil-bani,FALSE,,
Enlil-bāni,FALSE,{d}EN.LÍL-ba-ni,
Enlil-ilī,FALSE,en-lil-DINGIR,
Enlil-mālik,FALSE,en-lil-ma-lik,
Enlil-nādā,FALSE,en-lil-na-da,
Enlil-nāṣir,FALSE,en-lil-na-ṣir,
Enlil-rēṣī,FALSE,en-lil-re-ṣí,
Enna-Aššur,FALSE,,
Enna-bašat,FALSE,E-na-ba-ša-[at],
Enna-Bēlī,FALSE,E-nu-Be-lim,
Enna-Belum,FALSE,,
Enna-Bēlum,FALSE,,
Enna-Dagān,FALSE,E-nu-Da-ga-an,
Enna-gamil,FALSE,,
Enna-Kubabat,FALSE,En-nu-um-Ku-ba-ba-at,
Enna-Šamaš,FALSE,,
Enna-Šarra,FALSE,En-nam-ša-ra,
Enna-Suen,TRUE,e-na-sú-in,
Enna-Suen,TRUE,En-na-Sú-en,
Enna-Suen,TRUE,En-na-Sú-en6,
Enna-Suen,TRUE,En-na-Sú-in,
Enna-Suen,TRUE,En-na-Sú-in; I-na-Sú-in,
Enna-Wēr,TRUE,En-nam-We-er,
Enna-Wēr,TRUE,En-nam-We-er; En-nu-um-We-er,
Enna-Za,FALSE,E-na-za,
Ennada,FALSE,en-na-da,
Ennam-abu,FALSE,En-um-a-bu,
Ennam-Adad,FALSE,En-um-{d}IM,
Ennam-Ana,FALSE,e-nu-um-a-na,
Ennam-Anum,FALSE,E-na-ma-nim,
Ennam-Aššur,TRUE,E-na-A-šur,
Ennam-Aššur,TRUE,En-nam-A-šur,
Ennam-Aššur,TRUE,En-nam-A-šùr,
Ennam-Aššur,TRUE,En-um-A-šur/šùr; En-nam-A-šùr; E-na-A-šur; E-um-A-šur,
Ennam-Ea,FALSE,E-nu-me-a,
Ennam-ilī,TRUE,En-um-DINGIR,
Ennam-ilī,TRUE,En-um-DINGIR; En-um-ì-lí,
Ennam-ilī,TRUE,En-um-ì-lí,
Ennam-ilīšu,FALSE,,
Ennam-Ištar,FALSE,En-um-Ištar,
Ennam-Ištarum,FALSE,E!-nu-um-Iš-ta-ru-um,
Ennam-rēṣī,FALSE,e-nam-re-ṣí,
Ennam-rēṣum,FALSE,En-nu-re-ṣa-ma,
Ennam-Wer,FALSE,,
Ennam-Wēr,FALSE,en-nam-we-er,
Ennamanum,FALSE,,
Ennamaya,FALSE,,
Ennamāya,TRUE,E-na-ma-a,
Ennamāya,TRUE,E-nam-a-a; E-na-ma; E-na-ma-a; En-um-a-a; I-nu-ma-a,
Ennamil,FALSE,,
Ennananatum,FALSE,,
Ennanāt-Aššur,FALSE,E-na-na-at-,
Ennanātum,FALSE,E-na-na-tum,
Ennani,FALSE,en-na-ni,
Ennania,FALSE,E-na-ni-a,
Ennaniya,FALSE,,
Ennanum,FALSE,,
Ennānum,FALSE,En/E-na-num; En-na-nu-um,
Ennarawa,FALSE,En-na-ra-wa,
Ennasuen,FALSE,en-na-sú-en6,
Ennātum,FALSE,,
Ennāya,FALSE,,
Ennu-Aššur,FALSE,,
Ennu-Belum,FALSE,,
Ennu-nabiš,FALSE,en-nu-na-bí-iš,
Ennugamil,FALSE,E-nu-ga-me-el,
Ennum-a-a,FALSE,,
Ennum-Adad,FALSE,,
Ennum-Aššur,FALSE,,
Ennum-Bēlum,FALSE,,
Ennum-Dagan,FALSE,,
Ennum-ili,FALSE,,
Ennum-ilī,FALSE,,
Ennum-Ištar,TRUE,en-num-Ištar,
Ennum-Ištar,TRUE,en-num-Ištar; en[-num]-Ištar,
Ennum-Šamaš,FALSE,,
Ennum-Wer,FALSE,,
Enua,FALSE,E-nu-a,
Enuarši,FALSE,e-nu-ar-ší,
Enugami,FALSE,E-nu-ga-me,
Enuhši,FALSE,,
Enukami,FALSE,e-nu-ka-mi,
Enuki,FALSE,E-nu-ki,
Enum-Aššur,TRUE,En-um-A-šur,
Enum-Aššur,TRUE,En-um-A-šùr,
Enum-Aššur,TRUE,en-um-a-šùr; [en]-nam-a-šùr,
Enum-Aššur,TRUE,En-um-A-šùr; en-um-a-šur,
Enunia,FALSE,E-nu-ni-a,
Epirna,FALSE,E-pì-ir-na,
Epiš-ili,FALSE,,
Eradi,FALSE,E-ra-dí/ti; E-ra-dim,
Eradum,FALSE,,
Erama,FALSE,e-ra-ma,
Erbī-Adad,FALSE,er-bí-IŠKUR,
Erbī-Aššur,FALSE,er-bí-a-šur,
Eri-ilum,FALSE,,
Erimatal,FALSE,,
Erimuša,FALSE,,
Eriria,FALSE,E-ri-ri-a,
Erišti,FALSE,er-iš-ti,
Erišum,FALSE,I-ri-šu-um; I-ri-šum; I-ri-ší-im,
Erišum I,FALSE,I-ri-šu-um; I-ri-šum; I-ri-ší-im,
Erišum II,FALSE,I-ri-šu-um; I-ri-šum; I-ri-ší-im,
Erni,FALSE,er-ni,
Erra-dān,TRUE,E-ra-da-an; Ir-ra-dan; Ìr-ra-dan,
Erra-dān,TRUE,Ir-ra-dan,
Erra-ilī,FALSE,èr-ra-ili5,
Erra-ṣulūlī,FALSE,Ìr-ra-ANDUL,
Errāya,FALSE,Er-ra-a; Ìr-ra-a; E-ra-a; Ir-ra,
Eršu-mālik,FALSE,Er-šu-ma-lik,
Erwišarrum,FALSE,,
Ešara,FALSE,E-ša-ra,
Ešartum,FALSE,,
Ešu-bāni,FALSE,,
Ešu-malik,FALSE,E-šu-um-ma-lik,
Etallum,FALSE,E-ta-lúm,
Etari,FALSE,E-ta-ri,
Etatum,FALSE,E-ta-tim,
Etaya,FALSE,e-ta-a,
Etel-pī-Amurrim,FALSE,,
Etel-pī-Aššur,FALSE,e-té-el-pí-a-šùr,
Ewanika,TRUE,E-wa-ni-kà,
Ewanika,TRUE,e-wa-ni-kà; [e-]wa-[ni-kà],
Ewari,FALSE,E-wa-ri,
Ewari-kārim,FALSE,,
Ewaria,FALSE,E-wa-ri-a,
Ewarikum,FALSE,E-wa-ri-ki-im,
Ewarimadal,FALSE,E-wa-ri-ma-da-al,
Ewarimuša,FALSE,E-wa-ri-mu-ša; E-[r]a-mu-ša 94/k 959,
Ewarkarim,FALSE,E-wa-ri-kà-ri-im,
Ewarnum,FALSE,E-wa-ar-nim; E-we-er-nim,
Ewirni,FALSE,E-we-er-ni; E-er-ni,
Ewri-Šarruma,FALSE,Er-wa-LUGAL,
Eze(a),FALSE,,
Ezi,FALSE,E-zi; E-zi-e,
Ga-a-a-tí-im,FALSE,Ga-a-a-tí-im,
Ga-a-áb-e-im,FALSE,Ga-a-áb-e-im,
Ga-a-tí-im,FALSE,Ga-a-tí-im,
Ga-a-tim,FALSE,Ga-a-tim,
Ga-ak-zi-a,FALSE,Ga-ak-zi-[a],
Ga-al-ga-li-a,FALSE,Ga-al-ga-li-a,
Ga-ma-li-a,FALSE,Ga-ma-li-a,
Ga-ra-a,FALSE,Ga-ra-a,
Ga-ru-wa,FALSE,Ga-ru-wa,
Ga-zu-a,FALSE,Ga-zu-a,
Ga-zu-ga,FALSE,Ga-zu-ga,
Ga-zu-wa,FALSE,Ga-zu-wa,
Gabazi,FALSE,,
Gabria,FALSE,,
Gabzia,FALSE,,
Gadagada,FALSE,ga-da-ga-da,
Gadudu,FALSE,ga-du-du,
Gala,FALSE,,
Galaga,FALSE,ga-lá-ga,
Galgalalani,FALSE,ga-al-ga-lá-lá-ni,
Galgalia,FALSE,,
Galia,FALSE,ga-li-a,
Gallabum,FALSE,,
Gallābum,FALSE,Ga-lá-bu-um; Ga-lá-bi-im,
Galua,FALSE,ga-lu-a,
Galubati,FALSE,,
Galuku,FALSE,,
Galume,FALSE,,
Galzi,FALSE,{m}ga-al-zi,
Gamali,FALSE,,
Gamalia,FALSE,,
Garala,FALSE,,
Garašuna,FALSE,ga-ra-šu-na,
Garašunua,FALSE,,
Garawa,FALSE,,
Garia,FALSE,,
Garnalati,FALSE,,
Garwa-<gap>,FALSE,,
Garwaya,FALSE,,
Gatum,FALSE,,
Gawaya,FALSE,,
Gayatum,FALSE,,
Gazaza,FALSE,,
Gazia,FALSE,,
Gazuba,FALSE,,
GEME-Nunu,FALSE,GEME-Nu-nu,
Gimarnala,FALSE,gi-mar-na-lá,
Gua,FALSE,Gu-a,
Gungunum,FALSE,Ku-un-ku-nim,
Guzum,FALSE,Gu-zu-um,
Ha-ar-hi-a,FALSE,Ha-ar-hi-a,
Ha-ar-šu-um-na-al-kà,FALSE,Ha-ar-šu-um-na-al-kà,
Ha-at-ra-áš-na,FALSE,Ha-at-ra-áš-na,
Ha-ba-ar,FALSE,Ha-ba-ar,
Ha-ba-ar-áš-tí,FALSE,Ha-ba-ar-áš-tí,
Ha-ba-zi,FALSE,Ha-ba-zi,
Ha-da-a,FALSE,Ha-da-a,
Ha-da-a-ni,FALSE,Ha-da-a-ni,
Ha-da-i-ni,FALSE,Ha-da-i-ni,
Ha-dí,FALSE,Ha-dí,
Ha-dí-a-ni,FALSE,Ha-dí-a-ni,
Ha-dí-ni,FALSE,Ha-dí-ni,
Ha-du-a,FALSE,Ha-du-a,
Ha-lá-a,FALSE,Ha-lá-a,
Ha-ni-a-nim,FALSE,Ha-ni-a-nim,
Ha-ta-nim,FALSE,Ha-ta-nim,
Ha-zi-<gap>,FALSE,Ha-z[i-x],
Ha’api,FALSE,ha-a-a-pì,
Haba,FALSE,Ha-ba; Ha-ba-a,
Hababa,FALSE,ha-ba,
Habalia,FALSE,ha-pá-li-a,
Habatali,FALSE,ha-ba-ta-li,
Habati,FALSE,Ha-ba-tí,
Habatum,FALSE,Ha-ba-tim,
Habazi,FALSE,Ha-ba-zi; Hu-bu-zi,
Habdunua,FALSE,Ha-áp-tù-nu-wa,
Habi,FALSE,Ha-be; Ha-bi; Ha-bi-i,
Habia,FALSE,,
Habianum,FALSE,,
Habtuniš,FALSE,,
Habuahšušar,FALSE,,
Habuala,FALSE,,
Habuama,FALSE,Ha-pu-a-ma,
Habuanika,FALSE,,
Habuaššu,FALSE,,
Habuašu,FALSE,,
Habula,FALSE,,
Habuma,FALSE,,
Habušar,FALSE,,
Had[aya]ni,FALSE,,
Hadadi,FALSE,,
Hadadum,FALSE,Ha-da-dum; Ha-da-dí-im,
Hadahada,FALSE,Ha-da-ha-da,
Hadani,FALSE,,
Hadanum,FALSE,,
Hadaya,FALSE,Ha-da-a,
Hadi,FALSE,ha-di,
Hadia,FALSE,Ha-dí-a,
Hadia-<gap>,FALSE,ha-dí-a-x,
Hadiani,FALSE,ha-di-a-ni,
Hādiānum,TRUE,Ha-da-a-ni,
Hādiānum,TRUE,Ha-dí-ni; Ha-dí-a-ni; Ha-da-a-ni; Ha-da-nim,
Hadiar,FALSE,,
Hadiašu,FALSE,,
Hadikur,FALSE,ha-dí-ku-ur-ma,
Hadili,FALSE,Ha-dí-li,
Hadiri,FALSE,Ha-dí-ri-i,
Haditum,FALSE,Ha-dí-tim,
Hadiu,FALSE,ha-dí-ú,
Hadium,FALSE,Ha-dí-ú; Ha-dí-e-em,
Hadu,FALSE,Ha-du; Ha-dim,
Hadua,FALSE,ha-du-a,
Hadudu,FALSE,ha-du-du,
Hadue,FALSE,,
Haduklani,FALSE,Ha-du-uk-lá-ni,
Haduklānum,FALSE,,
Haduman,FALSE,Ha-du-ma-an,
Hadumkiašu,FALSE,,
Haduwa,FALSE,Ha-du-wa; Ha-du-e,
Haduwan,TRUE,[h]a-du-wa-an,
Haduwan,TRUE,Ha-du-wa-an,
Haduzalat,FALSE,Ha-du-za-lá-at,
Haeni,FALSE,Ha-e-ni,
Hafta,FALSE,,
Haha,FALSE,Ha-ha,
Hahaluan,TRUE,Ha-ha-lu-,
Hahaluan,TRUE,ha-ha-lu-wa-an,
Hahaluan,TRUE,ha-ha-lu-wa-an; ha-ha-lu-an,
Hahasu,FALSE,,
Hahazu,FALSE,Ha-ha-zu,
Hahhum,FALSE,,
Hahia,FALSE,ha-hi-a,
Hahiram,FALSE,Ha-hi-ra-am,
Hahua,FALSE,Ha-hu-a,
Hahuašu,FALSE,Ha-hu-wa-šu,
Hahuwašu,FALSE,ha-hu-wa-šu,
Hailawakuwa,FALSE,ha-i-lá-wa-ku-wa,
Haka,FALSE,Ha-qá,
Hakuli,FALSE,Ha-ku-li-e,
Hāl-abia,FALSE,Ha-lá-be-a,
Hāl-abum,FALSE,Ha-lá-bu-um,
Hala,FALSE,ha-lá-a,
Halab,FALSE,,
Halaba,FALSE,,
Halabium,FALSE,,
Halabum,FALSE,,
Halada,FALSE,ha-lá-da,
Halala,FALSE,,
Halali,FALSE,Ha-lá-li,
Halaliya,FALSE,,
Halania,FALSE,Ha-lá-ni-a,
Halapia,FALSE,ha-la-pì-a,
Halata,FALSE,Ha-lá-da,
Halatim,FALSE,,
Halāya,FALSE,Ha-lá-a,
Hali,FALSE,Ha-li,
Halika,FALSE,ha-li-kà,
Halikpari,FALSE,Ha-li-ik-pá-ri,
Halima,FALSE,ha-li-ma,
Halitka,FALSE,Ha-li-it-kà,
Halka,FALSE,Ha-al-kà,
Halkalia,FALSE,Ha-al-kà-li-a,
Halkia,FALSE,,
Halkiahšu,FALSE,ha-al-ki-ah-šu,
Halkiaššu,FALSE,Ha-al-ki/gi-a-šu,
Halkiašu,TRUE,ha-a[l-ki-a-šu],
Halkiašu,TRUE,ha-al-[k]i-a-šu,
Halkiašu,TRUE,Ha-al-ki-a-šu,
Halkiašu,TRUE,hal-gi-a-šu,
Halkiašu,TRUE,hal-ki5-a-šu,
Halkiašu,TRUE,hal-ki5-a[-šu],
Halkiašu,TRUE,hal!-gi-a-šu,
Halkiya,FALSE,hal-ki-ya,
Halpa,FALSE,Ha-al-pá,
Halu,FALSE,Ha-lu,
Halua,FALSE,Ha-lu-a,
Haluba,TRUE,ha-lu-ba,
Haluba,TRUE,Ha-lu-pá,
Haluli,FALSE,Ha-lu-li,
Halulu,FALSE,Ha-lu-lu-ú,
Halupa,FALSE,,
Halušta,FALSE,Ha-lu-uš-ta; Ha-lu-us-ta,
Halutašerir,FALSE,ha-lu-ta-še-ri-ir,
Hamala,FALSE,ha-ma-lá,
Hamalimali,FALSE,ha-ma-li-ma-li,
Hamanani,FALSE,Ha-ma-na-ni,
Hamananika,FALSE,ha-ma-na-ni-kà,
Hamar,FALSE,Ha-ma-ar,
Hamara,FALSE,Ha-ma-ar-a; Ha-ma-ra-a,
Hamarši,FALSE,Ha-ma-ar-ší,
Hamāya,FALSE,,
Hamhamtum,FALSE,Ha-am-ha-am-tim,
Hamiṣānum,FALSE,,
Hamištanani,FALSE,Ha-mì-iš-ta-na-ni,
Hamluni,FALSE,Ha-am-lu-ni,
Hamuria,FALSE,Ha-mu-ri-a,
Hana,FALSE,Ha-na,
Hana’a,FALSE,ha-na-a,
Hanahana,FALSE,Ha-na-ha-na,
Hanali,FALSE,ha-na-lí,
Hanana,FALSE,Ha-na-na,
Hananarum,FALSE,,
Hananārum,FALSE,,
Hanania,FALSE,,
Hananu,FALSE,,
Hananum,FALSE,,
Hanānum,FALSE,,
Hanariri,FALSE,ha-na-ri-ri,
Hanarum,FALSE,,
Hanaya,FALSE,Ha-na-a,
Hanazu,FALSE,Ha-na-zu; Ha-zu,
Hani,FALSE,Ha-ni,
Hanini,FALSE,Ha-ni-ni,
Hanna-Nārum,TRUE,Ha-na-na-ri-im,
Hanna-Nārum,TRUE,Ha-na-na-ru-um,
Hanna-Nārum,TRUE,Ha-na-na-ru-um; Ha-na-na-ri-im,
Hannanātum,FALSE,Ha-na-na-tum,
Hannānum,FALSE,Ha-na-nim,
Hanniānum,FALSE,Ha-ni-a-num/nam; Ha-an-ni-a-nu-um; Ha-ni-a-nim,
Hanu,TRUE,Ha-nu,
Hanu,TRUE,Ha-nu; Ha-nu-ú,
Hanua,FALSE,,
Hanuba,FALSE,Ha-nu-pá,
Hanudum,FALSE,,
Hanum,FALSE,ha-nu-um,
Hanuna,FALSE,,
Hanuni,FALSE,,
Hanunu,TRUE,Ha-nu-nu,
Hanunu,TRUE,Ha-nu-nu-um,
Hanunu,TRUE,Ha-nu-nu; Ha-nu-nu-um,
Hanupa,FALSE,ha-nu-pá,
Hanušaba,FALSE,Ha-nu-šu-ba,
Hanušuba,FALSE,,
Hanutum,FALSE,Ha-nu-tim,
Hanuwa,TRUE,ha-nu-wa,
Hanuwa,TRUE,Ha-nu-wa; Ha-nu-ú-a,
Hapa,TRUE,ha-pá,
Hapa,TRUE,ha-pá-a,
Hapalia,FALSE,Ha-pá-li-a,
Hapapa,FALSE,Ha-pá-pá,
Hapatali,FALSE,Ha-pá-ta-li,
Hapi’i,FALSE,ha-pí-i,
Hapia,TRUE,ha-pí-a,
Hapia,TRUE,ha-pì-a,
Hapia,TRUE,ha-pí-a; ha-pì-a,
Hapia,TRUE,Ha-pí/pì-a; Ha-a-pì-a,
Hapiahšu,TRUE,ha-bi-a-ah-šu,
Hapiahšu,TRUE,ha-pì-ah-šu,
Hapiahšušar,FALSE,ha-pí-ah-šu-šar,
Hapiašu,FALSE,,
Hapil,FALSE,,
Hapila,FALSE,Ha-pí-lá,
Hapišu,FALSE,ha-pí-šu,
Happiahšu,FALSE,,
Happuala,FALSE,,
Happuašu,FALSE,,
Happurdili,FALSE,,
Haptuniš,FALSE,Ha-áp-tù-ni-iš,
Haptunuwa,FALSE,ha-áp-tù-nu-wa,
Hapua,FALSE,ha-pu-a-<big_gap>,
Hapua-<big_gap>,FALSE,ha-pu-a-<big_gap>,
Hapuahšušar,TRUE,Ha-pu-ah-šu-šar,
Hapuahšušar,TRUE,ha-pu-wa-ah-šu-šar,
Hapuala,TRUE,[ha-]pu-a-lá; ha-pu-a-lá,
Hapuala,TRUE,Ha-pu-a-lá,
Hapuala,TRUE,ha-pu-a-lá; ha-pu-a-la,
Hapuala,TRUE,Ha-pu-a-lá; Ha-pu-wa-lá,
Hapuala,TRUE,ha-pu[-a]-lá,
Hapuama,FALSE,ha-pu-a-ma,
Hapuanika,TRUE,Ha-pu-a-ni-kà,
Hapuanika,TRUE,ha-pu-a-ni-kà; ha-wa-ni-kà,
Hapuaššu,FALSE,,
Hapuašu,FALSE,Ha-pu-a-šu,
Hapula,FALSE,ha-pu-lá,
Hapurduli,FALSE,,
Hapušar,FALSE,Ha-pu-ša-ar,
Hapuwahšušar,FALSE,,
Hapuwala,FALSE,,
Hapuwašu,TRUE,Ha-pu-a-šu; Ha-pu-wa-šu; Hi-pu-a-šu,
Hapuwašu,TRUE,ha-pu-wa-šu,
Har’aniša,FALSE,ha-ar-a-ni-ša,
Hara,FALSE,Ha-ra-a,
Harahur,FALSE,Ha-ra-hu-ur; Ha-ri-hu-ur,
Haraka,FALSE,ha-ra-kà,
Haralum,FALSE,Ha-ar-a-lim,
Haraniš,FALSE,Ha-ra-ni-iš,
Haranu,FALSE,ha-ra-ni-iš,
Harašri,FALSE,Ha-ra-áš-ri; Ha-ar-áš-ri,
Harašta,FALSE,Ha-ra-áš-ta; Ha-ra-áš-ta-an,
Haraštaili,FALSE,Ha-ra-áš-ta-DINGIR,
Haraštal,FALSE,ha-ra-áš-ta-al,
Haraštan,FALSE,ha-ra-áš-ta-an,
Harašu,FALSE,Ha-ar-a-šu,
Harawaria,FALSE,Ha-ar-a-wa-ri-a,
Haraya,FALSE,,
Harbadiwa,FALSE,har-ba-di-wa,
Harbuidwa,FALSE,har-bu-id-wa,
Hardu,FALSE,Ha-ar-du,
Harharan,TRUE,Ha-ar-ha-ar-an,
Harharan,TRUE,ha-ar-ha-ra-an,
Harhia,TRUE,Ha-ar-hi-a,
Harhia,TRUE,ha-ar-hi-a; [h]a-ar-hi-a,
Haribi,FALSE,ha-ri-bi,
Harima,FALSE,Ha-ri-ma,
Harimi,FALSE,Ha!-ri-mi,
Harimtum,FALSE,,
Harina,FALSE,Ha-ri-na,
Hariššali,FALSE,Ha-ri-iš/eš-ša-li,
Harka,FALSE,Ha-ar-kà-a,
Harkiwana,FALSE,ha-ar-ki-wa-na,
Harla,TRUE,ha-ar-lá,
Harla,TRUE,Ha-ar-lá/la,
Harladi,FALSE,Ha-ar-lá-tí,
Harlu,FALSE,Ha-ar-lu-ú,
Harlulu,FALSE,Ha-ar-lu-lu,
Harna,FALSE,Ha-ar-na,
Harnašar,FALSE,har-na-ša-ar,
Harnašarna,FALSE,Ha-ar-na-šar-na,
Harpatal,FALSE,Ha-ar-pá-tal,
Harpatiwa,FALSE,Ha-ar-pá-tí-wa,
Harpuitwa,FALSE,Ha-ar-pu-i[t]-wa,
Harš(umn)uman,FALSE,ha-ar-šu-ma-an; ha-ar-šu-um-nu-ma-an,
Harša,TRUE,ha-ar-ša,
Harša,TRUE,ha-ar-ša-a,
Harša,TRUE,Ha-ar-ša; Ha-ar-ša-a; Ha-ar-ší,
Harša,TRUE,ha-ar-ší; ha-ar-ša,
Harša’a,FALSE,ha-ar-ša-a,
Haršala,FALSE,,
Haršanalum,FALSE,Ha-ar-ša-na-lim,
Harši,TRUE,ha-ar-š[í]; ha-ar-ší,
Harši,TRUE,ha-ar-ší; ha-ar[-ší],
Haršia,FALSE,Ha-ar-ší-a,
Haršu,FALSE,ha-ar-šu,
Haršula,FALSE,Ha-ar-šu-lá,
Haršumalka,FALSE,Ha-ar-šu-ma-al-kà,
Haršuman,FALSE,ha-ar-šu-ma-an,
Haršume,FALSE,ha-ar-šu-me,
Haršumilka,FALSE,ha-ar-šu-mì-il5-kà,
Haršumnahšu,FALSE,Ha-ar-šu-um-na-ah-šu,
Haršumnalka,FALSE,ha-ar-šu-um-na-al-kà,
Haršumnuman,TRUE,ha-ar-šu-um-nu-ma-an,
Haršumnuman,TRUE,Ha-ar-šu-um-nu-ma-an; Ha-ar-šu-nu-ma-an; Hu-ur-šu-nu-ma-an,
Haršunuman,TRUE,ha-ar-šu-nu-ma-an,
Haršunuman,TRUE,ha-ar-šu-nu-ma-an; ha-ar-[su-...],
Harta,FALSE,ha-ar-tù,
Hartanali,FALSE,Ha-ar-ta-na-li,
Hartu,FALSE,ha-ar-tù,
Harubi,FALSE,Ha-ru-bi/be,
Haruhul,FALSE,Ha-ru-hu-ul; Ha-ru-hu-ur,
Haruhur,FALSE,ha-ru-hu-ur,
Haruwašia,FALSE,Ha-ru-wa-ší-a,
Harza,FALSE,ha-ar-za,
Harziawuna,FALSE,Ha-ar-zi-wu-na,
Harzika,FALSE,har-zi-ka,
Harzila,FALSE,Ha-ar-zi-lá,
Haṣabṣilim,FALSE,,
Hašahšušar,FALSE,ha-ša-ah-šu-ša-ar,
Hašaiškuwama,FALSE,Ha-ša-iš-ku-wa-ma,
Hašanšarnawa,FALSE,Ha-ša-an-ša-ar-na-wa,
Hašantarnawa,FALSE,ha-ša-an-ta-ar-na-wa,
Hasanum,FALSE,,
Hašarti,FALSE,Ha-ša-ar-tí,
Hašhaurra,FALSE,Ha-áš-ha-ur-ra,
Hašim-nawar,FALSE,Ha-ší-im-na-wa-ar,
Hašimnawar,FALSE,ha-ší-im-na-wa-ar-ma,
Hašiuman,FALSE,Ha-ší-ú-ma-an,
Hašra,FALSE,Ha-áš-ra-a,
Hašši,FALSE,ha-ši,
Haštahšu,FALSE,Ha-áš-ta-ah-šu,
Haštahšušar,TRUE,ha-áš-<ta->ah-šu-šar,
Haštahšušar,TRUE,ha-áš-ta-ah-šu-ša-ar,
Haštaili,FALSE,Ha-áš-ta-li,
Haštali,FALSE,ha-áš-ta-li,
Haštašu,FALSE,ha-áš-ta-šu,
Haštati,FALSE,Ha-áš-ta-tí,
Hašu-<gap>,FALSE,ha-šu-x,
Hašu’uman,FALSE,ha-šu-ú-ma-an,
Hašua,FALSE,ha-šu-a,
Hašuara,FALSE,Ha-šu-a-ra,
Hašudar,FALSE,Ha-šu-tár,
Hašue,FALSE,ha-šu-e,
Hasui,FALSE,ha-šu-i,
Hašui,TRUE,ha-š[u-i],
Hašui,TRUE,ha-š[u-i]; ha-šu-i; ha-šu!,
Hašui,TRUE,Ha-šu-i,
Hašui,TRUE,ha-šu-i; h[a-šu]-i,
Hašui,TRUE,ha-šu!,
Hašui,TRUE,ha-šu[-i],
Hašui,TRUE,ha-šu[-i]; [h]a-šu-i,
Hašuili,FALSE,Ha-šu-ì-lí,
Hašuman,FALSE,ha-šu-ú-ma-an,
Hašuna,FALSE,ha-šu-na,
Hašušahšu,FALSE,ha-šu-ša-ah-šu,
Hašušar,TRUE,ha-šu-š[ar],
Hašušar,TRUE,Ha-šu-šar,
Hašušara,FALSE,ha-šu-ša-ra,
Hašušarna,TRUE,ha-šu-ša-ar-na,
Hašušarna,TRUE,Ha-šu-šar-na,
Hašušarnika,TRUE,Ha-šu-ša-ar-ni-kà,
Hašušarnika,TRUE,ha-šu-ša-ar-ni-kà; ha-šu-ša-ri-ni-kà; ha-šu-ša-ar!-ni-kà,
Hasušarra,FALSE,,
Hašušman,FALSE,Ha-šu-uš-ma-an,
Hašušra,FALSE,Ha-šu-uš-ra,
Hašutar,FALSE,ha-šu-tár,
Hašutayali,FALSE,ha-šu-ta-a-li-i,
Hašuwa,TRUE,ha-šu-wa,
Hašuwa,TRUE,Ha-šu-wa; Ha-šu-a; Ha-šu-e; Ha-šu-i,
Hata,FALSE,Ha-ta,
Hatahšu,FALSE,,
Hatala,TRUE,ha-ta-lá,
Hatala,TRUE,Ha-ta-lá; Hu-a-ta-lá; Hu-ta-lá,
Hatali,FALSE,,
Hatānu,FALSE,Ha-ta-ni,
Hataru,FALSE,Ha-ta-ru,
Hatašušar,FALSE,Ha-ta-šu-šar,
Hatata,FALSE,Ha-ta-ta,
Hatatum,FALSE,Ha-ta-tim,
Hati,FALSE,Ha-tí,
Hatiarna,FALSE,,
Hatikur,FALSE,Ha-tí-ku-ur,
Hatili,FALSE,,
Hatilka,FALSE,ha-tí-il5-kà,
Hatini,FALSE,,
Hatkiahšu,FALSE,ha-at-ki-a[h]-šu,
Hatranani,FALSE,Ha-at-ra-na-ni,
Hatrašna,FALSE,Ha-at-ra-áš-na,
Hattia,FALSE,Ha-ti-a,
Hattiar,FALSE,Ha-tí-ar,
Hattum,FALSE,,
Hattuš,FALSE,,
Hattušil,FALSE,,
Hattušili,FALSE,Ha-tù-ší-ili5,
Hatusalat,FALSE,,
Hatušalat,FALSE,,
Hatušil,TRUE,ha-tù-ší-il5,
Hatušil,TRUE,ha-tù-ší-il5; [ha]-tù-ší[-il5],
Hatutu,FALSE,Ha-du-du,
Hawa,FALSE,Ha-wa-a,
Hawawašu,FALSE,Ha-wa-wa-šu,
Hawaya,FALSE,,
Hawilia,FALSE,Ha-wi-li-a,
Hāya,FALSE,Ha-a-a,
Hazaba,FALSE,Ha-za-pá,
Hazabuna,FALSE,Ha-za-pu-na,
Hazabzilum,FALSE,Ha-za-áp-zi-li-im,
Hazalbuna,FALSE,,
Hazalpuna,FALSE,Ha-za-al-pu-na,
Hazamel,TRUE,[ha-z]a-me-[DINGIR]; ha-[z]a-me-DINGIR,
Hazamel,TRUE,ha-za-me-el,
Hazamil,FALSE,Ha-za-mì-il,
Hazapuna,FALSE,ha-za-pu-na,
Hazimel,FALSE,,
Hazuala,FALSE,,
Hazuanum,FALSE,,
Hazubala,FALSE,ha-zu-ba-lá,
Hazulia,FALSE,ha-zu-li-a,
Hazuna,FALSE,Ha-zu-na,
Hazušia,FALSE,ha-zu-ší-a,
Hazuzu,FALSE,Ha-zu-zu,
Hazzawani,FALSE,Ha-az-za-wa-ni,
Hazzuzum,FALSE,Ha-zu-zi-im,
Hi-ba,FALSE,,
Hi-na,FALSE,,
Hi-ša-ri,FALSE,,
Hibi,FALSE,hi-bi-i,
Hidadi,FALSE,Hi-da-dí,
Hidalia,FALSE,Hi-da-li-a,
Hidaluk,FALSE,Hi-da-lu-uk,
Hidašpa,FALSE,Hi-da-áš-pá,
Hidia,FALSE,Hi-dí-a,
Hierbij,FALSE,,
Hiluka,FALSE,Hi-lu-ga see āb-iluka,
Hiluman,TRUE,hi-lu-ma-an,
Hiluman,TRUE,hi-lu-ma-an; hi-lu-m[a-a]n,
Hima,FALSE,Hi-ma-a,
Hima-<big_gap>,FALSE,hi-ma-<big_gap>,
Himadašu,FALSE,hi-ma-da-šu,
Himalia,FALSE,hi-ma-li-a,
Hinaha,FALSE,Hi-na-ha,
Hinali,FALSE,Hi-na-li,
Hinaya,FALSE,,
Hinnāya,TRUE,Hi-na-a,
Hinnāya,TRUE,Hi-na; Hi-na-a; Hi-na-a-a,
Hipa,FALSE,Hi-ba; Hi-ba-a,
Hipi,FALSE,Hi-pí-i,
Hirdu,FALSE,Hi-ir-du,
Hiridanum,FALSE,,
Hišar,FALSE,hi-šar,
Hišduman,FALSE,hi-iš-du-ma-an,
Hištahšu,TRUE,hi-iš-ta-ah-šu,
Hištahšu,TRUE,Hi-iš-ta-ah-šu; Ha-áš-ta-ah-šu,
Hištahšu,TRUE,hi-iš-ta-ah-šu; hi-iš-t[a-ah-šu],
Hištahšušar,TRUE,hi-iš-ta-<ah>-šu-šar,
Hištahšušar,TRUE,hi-iš-ta-<ah>-šu-šar; hi-iš-ta-ah-šu-šar,
Hištahšušar,TRUE,Hi-iš-ta-ah-šu-šar,
Hištuman,FALSE,Hi-iš-tù-ma-an,
Hitahšušar,FALSE,,
Hitani,FALSE,,
Hiwašmei,FALSE,hi-wa-áš-me-i,
Hiwašmi,FALSE,Hi-wa-áš-me-i,
House,FALSE,É,
Hu-lá-a-a,FALSE,Hu-lá-a-a,
Hu-ma-da-šu,FALSE,Hu-ma-[da-šu],
Hu-na-hu-na,FALSE,Hu-na-hu-na,
Huardula,FALSE,hu-ar-tù-la,
Huatala,TRUE,hu-a-t[a-lá],
Huatala,TRUE,hu-a-ta-la,
Hubaba,FALSE,Hu-ba-ba; Hu-ba-ba-am,
Hubabum,FALSE,,
Hubalia,FALSE,,
Hubašum,FALSE,,
Hubazi,FALSE,,
Hubazum,FALSE,Hu-ba-zi-im,
Hubidum,FALSE,Hu-bi-dam,
Hubišnuman,FALSE,Hu-pí-iš-nu-ma-an,
Hubitum,FALSE,,
Hubšalim,FALSE,,
Hubuzi,FALSE,Hu-bu-zi,
Huda,FALSE,Hu-da,
Hudada,FALSE,Hu-da-da,
Hudādum,FALSE,Hu-da-dum,
Hudahuda,FALSE,Hu-da-hu-da,
Hudama,FALSE,hu-da-ma-a,
Hudarla,FALSE,,
Hudarlani,FALSE,hu-dar-lá-ni,
Hudia,FALSE,hu-tí-a,
Hudida,FALSE,Hu-dí-da,
Hudka,FALSE,hu-ud-ka,
Hudu-bēlī,FALSE,Hu-du-be-li,
Hududu,FALSE,Hu-du-du,
Hudurla,FALSE,hu-da-ar-lá-ma,
Hudurlani,FALSE,,
Hugania,FALSE,Hu-ga-ni-a,
Huharimataku,FALSE,Hu-ha-ri-ma-ta-ku,
Huhu,FALSE,Hu-hu,
Huhumidal,FALSE,Hu-hu-me-ta-al,
Huialka,FALSE,hu-ú-i-a-al-kà,
Huiliuman,FALSE,hu-e-li-ú-ma-an,
Hukania,FALSE,,
Hula,FALSE,Hu-lá,
Hulalakum,FALSE,,
Hulali,FALSE,Hu-lá-lí,
Hulalia,FALSE,Hu-lá-li-a; Hu-lá-lí-a,
Hulalum,TRUE,Hu-lá-lu-um,
Hulalum,TRUE,Hu-lá-lu-um; Hu-lá-lim,
Hulana,FALSE,Hu-la-n[a,
Huli,FALSE,Hu-li,
Hulia,FALSE,Hu-li-a,
Hulu,TRUE,hu-lu,
Hulu,TRUE,Hu-lu; Hu-lu-uš,
Huluba,FALSE,Hu-lu-pá,
Huluš,FALSE,hu-lu-uš,
Huma,FALSE,Hu-ma,
Huma[dašu],FALSE,hu-ma-[da-šu],
Humadašu,TRUE,hu-ma-d[a-šu],
Humadašu,TRUE,hu-ma-d[a-šu]; hu-ma-da-š[u],
Humadašu,TRUE,hu-ma-da-šu,
Humadašu,TRUE,hu-ma-da-šu; [h]u-ma-da-šu,
Humadašu,TRUE,hu-ma-da-šu; hu-[ma-d]a-šu; [hu-ma-da-]šu,
Humadašu,TRUE,Hu-ma-da-šu; Hu-mu-un-da-šu,
Humadašu,TRUE,hu-ma-da<-šu>,
Humadašu,TRUE,hu[-m]a-[d]a-a-šu,
Humalu,FALSE,hu-ma-lu,
Humatanika,FALSE,Hu-ma-ta-ni-kà,
Humazi,FALSE,hu-ma-zi,
Humida,FALSE,Hu-me-da,
Humudašu,FALSE,hu-mu-da-šu,
Humundašu,FALSE,hu-mu-un-da-šu; hu-mu[-...]; hu-mu-un<-da>-šu,
Huna,FALSE,Hu-na-hu-na; Hu-na,
Hunadadua,FALSE,hu-na-da-du-wa,
Hunahuna,TRUE,hu-na-hu-na,
Hunahuna,TRUE,hu-na-hu-na; hu-na,
Hunanāya,FALSE,,
Hunani,FALSE,,
Hunanum,FALSE,Hu-na-num,
Hunia,FALSE,Hu-ni-a,
Hunua,FALSE,Hu-nu-a,
Hunuma,FALSE,Hu-nu-ma,
Hunupi,FALSE,Hu-nu-pì,
Hupalia,FALSE,Hu-pá-li-a,
Hupišnuman,FALSE,hu-pí-iš-nu-ma-an,
Hurad,FALSE,Hu-ra-at,
Hurada,FALSE,hu-ra-da,
Hurama,FALSE,,
Huramanu,FALSE,hu-ra-ma-nu,
Huraša,FALSE,Hu-ra-ša,
Huraṣanum,TRUE,Hu-ra-ṣa-nu-um,
Huraṣanum,TRUE,Hu-ra-ṣa-num,
Huraṣanum,TRUE,Hu-ra-ṣa-num; Hu-ra-ṣa-nu-um; Hu-ra-ṣa-nu-um,
Huraṣānum,FALSE,Hu-ra-ṣa-num; Hu-ra-ṣa-nu-um; Hu-ra-ṣa-nu-um,
Hurāṣānum,FALSE,Hu-ra-ṣa-num; Hu-ra-ṣa-nu-um; Hu-ra-ṣa-nu-um,
Huraṣi,FALSE,Hu-ra-ṣí,
Hurāṣi,FALSE,Hu-ra-ṣí,
Hurāṣum,FALSE,Hu-ra-ṣí,
Hurazi,FALSE,[h]u-ra-zi; hu-ra-zi,
Hurbana,FALSE,Hu-ur-ba-na,
Hurdala,FALSE,Hu-ur-da-lá,
Hurdunani,FALSE,hu-ur-du-na-ni,
Hurišar,FALSE,Hu-ri-ša-ar,
Hurluman,FALSE,Hu-ur-lu-ma-an,
Hurma,FALSE,Hur-ma-a,
Hurma-ilī,FALSE,hu-ur-me-li,
Hurmah,FALSE,,
Hurmāya,FALSE,,
Hurmeli,FALSE,hu-ur-me-li,
Hurmili,FALSE,Hu-ur-me-li,
Huršanum,FALSE,,
Huršunuman,FALSE,,
Hurtala,FALSE,,
Hurtula,FALSE,hu-ur-tù-lá,
Hurubi,FALSE,Hu-ru-bi,
Huruda,FALSE,Hu-ru-ta,
Huruta,FALSE,hu-ru-ta,
Hurzibi,FALSE,,
Hurzibum,FALSE,Hu-ur-zi-pu-um,
Huša,FALSE,hu-ša,
Hušali,FALSE,hu-ša-li,
Hušanālum,FALSE,,
Hušānum,FALSE,Hu-ur-ša-nim,
Husāri,FALSE,,
Husārum,FALSE,Hu-sà-ru-um,
Hušiliman,FALSE,,
Hušiliuman,TRUE,Hu-ší-li-,
Hušiliuman,TRUE,hu-ší-li-ú-ma-an,
Hušiliuman,TRUE,hu-ší-li<-ú>-ma[-an],
Hušiliuman,TRUE,hu-ší-li<-ú>-ma[-an]; hu-ší-li-ú[-ma-an],
Hušiuman,TRUE,hu-ší-ú-ma-an,
Hušiuman,TRUE,Hu-ší-ú-ma-an; Hu-zi-ú-ma-an,
Hušui,FALSE,Hu-šu-i,
Huta,FALSE,Hu-da,
Hutala,FALSE,[h]u-ta-lá; hu-ta-lá,
Hutari,FALSE,,
Hutarla,TRUE,h[u-d]a-ar-lá,
Hutarla,TRUE,Hu-da-ar-lá; Hu-du-ur-lá,
Hutarla,TRUE,hu-ta-ar-lá,
Hutarlani,FALSE,Hu-tár-lá-ni,
Hutašama,TRUE,hu-lá,
Hutašama,TRUE,Hu-ta-ša-ma,
Hutatum,FALSE,Hu-ta-tim,
Hutia,FALSE,Hu-tí-a,
Hutila,FALSE,Hu-tí-lá,
Hutka,FALSE,Hu-ut-kà,
Hutu-bēlī,FALSE,,
Hutuli,FALSE,,
Huwaruman,FALSE,Hu-wa-ru-ma-an,
Huwialka,FALSE,Hu-ú-i-a-al-kà,
Huyalka,FALSE,hu-a-al-ka,
Huza,FALSE,Hu-za; Hu-za-a,
Huzala,FALSE,Hu-za-lá,
Huzānum,FALSE,,
Huzarua,FALSE,hu-za-ru-wa,
Huzaza,FALSE,Hu-za-za,
Huzazi,FALSE,,
Huzia,FALSE,hu-zi-a-áš; hu-zi-a,
Huziaš,TRUE,hu-zi-a-áš,
Huziaš,TRUE,,
Huziašu,FALSE,,
Huziri,FALSE,Hu-zi-ri,
Huziru,FALSE,,
Huzirum,FALSE,,
Huziš,FALSE,hu-zi-iš,
Huziuman,FALSE,hu-zi-ú-ma-an,
Huzura,FALSE,Hu-zu-ra,
Huzuru,FALSE,Hu-zu-ru,
Huzzi,FALSE,Hu-zi-iš,
Huzziya,FALSE,Hu-zi-a; Hu-zi-áš,
I-a-ta-ni-kà,FALSE,I-a-ta-ni-kà,
I-a-tal-kà,FALSE,I-a-tal-kà,
I-dí-a,FALSE,I-dí-a,
I-dí-da,FALSE,I-dí-da,
I-dí-in-Ištar,FALSE,I-dí-in-Ištar,
I-dí-lim,FALSE,I-dí-lim,
I-dí-nim,FALSE,I-dí-nim,
I-dí-Sú-in,FALSE,I-dí-Sú-in,
I-du-a,FALSE,I-du-a,
I-ha-ga-lim,FALSE,I-ha-ga-lim,
I-lá-li,FALSE,I-lá-li,
I-li-li,FALSE,I-li-li,
I-lu-ku-li,FALSE,I-lu-ku-li,
I-lu-l[á]-a,FALSE,I-lu-l[á]-a,
I-lu-ma-lá-ak,FALSE,I-lu-ma-lá-ak,
I-na-ar,FALSE,i-na-ar,
I-ni-zu-da,FALSE,I-ni-zu-da,
I-sá-a-a,FALSE,I-sá-a-a,
I-šar-Suen,FALSE,,
I-tí-tí-ir,FALSE,I-tí-tí-ir,
Ia,FALSE,I-a,
Iadimad,FALSE,i-a-dí-ma-ad,
Ialia,FALSE,i-a-li-a,
Ialiaš,FALSE,i-a-li-a-àš,
Ialu,FALSE,i-a-lu,
Ianika,TRUE,i-a-ni-kà,
Ianika,TRUE,i-a-ni-kà; [i-a-]ni-kà,
Ianukimsi,FALSE,I-a-nu-ki-im-ṣí,
Iaša,FALSE,i-a-ša,
Iatalka,TRUE,I-a-ta-al-kà,
Iatalka,TRUE,i-a-tal-kà,
Iatanika,TRUE,I-a-ta-[n]i-ga,
Iatanika,TRUE,i-a-ta-ni-kà,
Ibada,FALSE,I-ba-da-a,
Ibāya,FALSE,I-ba-a,
Ibazi,FALSE,i-ba-zi,
Ibbi-ilī,FALSE,I-bi4-ì-[li],
Ibbi-Suen,FALSE,I-bí-Sú-en6,
Ibbi-ZU,FALSE,I-bí-ZU,
Ibbiṣur,FALSE,ib-bi-ṣur,
Ibezua,FALSE,i-be-zu-a,
Ibikāya,FALSE,,
Ibilam-Ana,FALSE,I-be-lam-a-na,
Ibilisi,FALSE,i-bi-li-si,
Ibisua,FALSE,I-bi-zu-a,
Ibliṭ-īlum,FALSE,,
Ibmei,FALSE,ib-me-i,
Ibni-Adad,FALSE,Ib-ni-{d}IM,
Ibni-Ašari,FALSE,Ib-ni-a-ša-ri,
Ibni-Ea,FALSE,Ib-ni-É-a; Ib-ni-a,
Ibni-ili,TRUE,Ib-ni-lí,
Ibni-ili,TRUE,Ib-ni-lí; Ib-ni-DINGIR,
Ibni-ilī,FALSE,Ib-ni-lí; Ib-ni-DINGIR,
Ibni-Suen,FALSE,ib-ni-sú-in,
Ibnia,FALSE,Ib-ni-a; Ib-ni-É-a,
Ibnili,FALSE,,
Ibnium,FALSE,,
Ibri-madal,FALSE,Ib-ri-ma-da-al,
Ibrimu,FALSE,ib-ri-mu,
Ibšudak,FALSE,ib-šu-dak,
Ida,FALSE,I-da,
Ida-Suen,FALSE,I-da-Zu-in; I-da-zu,
Idamada,FALSE,i-da-ma-da,
Idarda,FALSE,i-da-ar-da,
Idari,FALSE,I-da-ri-iš,
Idarsia,FALSE,,
Idarzi,FALSE,,
Idarzia,FALSE,I-da-ar-zi-a,
Idatum,FALSE,,
Idaya,TRUE,i-da-a,
Idaya,TRUE,I-da-a; I-da-a-a,
Idāya,FALSE,I-da-a; I-da-a-a,
Idazu,FALSE,,
Iddin-abum,FALSE,I-dí-in-a-bu-um,
Iddin-Adad,FALSE,I-dí-na-{d}IM,
Iddin-ahum,FALSE,I-dí-in-a-hi-im; I-dí-na-hu-um; I-dí-a-hu-um,
Iddin-Amurru,FALSE,I-dí-{d}MAR.TU,
Iddin-Amurrum,FALSE,I-dí-{d}MAR.TU,
Iddin-Anum,FALSE,I-dí-{d}A-nim; I-dí-A-num,
Iddin-Aššur,FALSE,E-dí-in-; E-dí-na; Id-na-; I-dí; E-dí-,
Iddin-Bēlum,FALSE,,
Iddin-Dagan,FALSE,I-dí-Da-gán,
Iddin-Dagān,FALSE,I-dí-Da-gán,
Iddin-Erra,FALSE,i-dí-ér-ra,
Iddin-ilī,FALSE,I-ti-DINGIR; I-dí-DINGIR,
Iddin-ilum,TRUE,I-dí-lim,
Iddin-ilum,TRUE,I-ti-DINGIR; I-dí-DINGIR; I-dí-lim,
Iddin-Ištar,FALSE,I-dí-in-Ištar,
Iddin-Kubum,FALSE,I-dí-Ku-bu-um,
Iddin-Kūbum,FALSE,I-dí-Ku-bu-um,
Iddin-Nirah,FALSE,I-dí-Ni-ra-ah,
Iddin-Šamaš,FALSE,I-dí-{d}UTU,
Iddin-Suen,FALSE,I-dí-Sú-en6,
Iddin-Wer,FALSE,I-dí-we-er,
Iddin-Wēr,FALSE,I-dí-We-er,
Iddināya,FALSE,E-dí-na-a,
Idi-Aššur,TRUE,a-dí-a-šùr,
Idi-Aššur,TRUE,I-dí-A-šur,
Idi-Aššur,TRUE,I-dí-A-šùr,
Idi-bani,FALSE,Ni-dí-ba-ni; I-dí-ba-ni,
Idi-bāni,FALSE,Ni-dí-ba-ni; I-dí-ba-ni,
Idī-dan,FALSE,,
Idi-ennam,FALSE,,
Idi-ištar,FALSE,I-dí-Ištar,
Idi-Suen,TRUE,i-dí-sú-en6,
Idi-suen,TRUE,i-dí-sú-in,
Idi-suin,TRUE,i-dí-su-in,
Idi-Suin,TRUE,i-dí-sú-in,
Idia,TRUE,I-dí-a,
Idia,TRUE,I-dí-a; I-dí-a-a,
Idiadi,FALSE,I-dí-a-dí,
Idida,FALSE,I-dí-da,
Ididi,FALSE,i-dí-dí,
Idihilim,FALSE,,
Idilia,TRUE,i-di-li-a,
Idilia,TRUE,I-dí-li-a,
Idilia,TRUE,I-dí-li-a; I-dí-lí-a,
Idilum,FALSE,,
Idinia,FALSE,i-di-ni-a,
Idinua,FALSE,I-dí-nu-a,
Idinum,FALSE,I-dí-num; E-dí-num,
Idmada,FALSE,Id-ma-da-ma,
Idnaya,FALSE,Id-na-a,
Idnāya,FALSE,Id-na-a,
Idua,FALSE,I-du-a,
Idumada,FALSE,I-du-ma-da,
Idumlia,FALSE,id-um-li-a,
Ighalim,FALSE,Ig-ha-lim,
Igmilum,FALSE,,
Ihiliuman,FALSE,I-hi-li-ú-ma-an,
Ika,FALSE,I-ga-a,
Ikala,FALSE,I-ga-lá,
Ikanni,FALSE,I-ga-ni,
Ikarim,FALSE,i-kà-ri-im,
Ikarum,FALSE,I-ga-ri-im,
Ikaya,FALSE,I-ga-a,
Ikbatanum,FALSE,Ik-ba-ta-nim,
Ikia,FALSE,I-ki-a,
Ikiraya,FALSE,I-ki-ra-a,
Ikišuba,FALSE,I-ki-šu-ba,
Ikra,FALSE,Ik-ra-a,
Ikraya,FALSE,Ik-ra-a,
Iku,FALSE,I-ku,
Ikua,TRUE,I-ku-a,
Ikua,TRUE,I-ku-a; I-ku-ú-a,
Ikuda,FALSE,I-ku-da,
Ikuhlum,FALSE,,
Ikukua,FALSE,i-ku-ku-a,
Ikūn-Aššur,FALSE,I-ku-na-a-šur,
Ikun-mišar,FALSE,,
Ikūn-mīšar,FALSE,I-ku-mì-šar,
Ikūn-paša,FALSE,I-ku-pá-ša,
Ikūn-pāšar,FALSE,,
Ikūn-pī-ahum,FALSE,,
Ikūn-pī-Aššur,TRUE,I-ku-pí-A-šùr,
Ikūn-pī-Aššur,TRUE,I-ku-pì-A-šur,
Ikūn-pī-Aššur,TRUE,I-ku-pí-A-šùr; I-ku-pì-A-šur; I-ku-pí-A-šur; I-ku-pì-A-šùr,
Ikūn-pī-Enlil,FALSE,I-ku-pì-{d}EN.LÍL,
Ikūn-pī-Ištar,FALSE,I-ku-pí-Ištar,
Ikūn-pī-Suen,FALSE,I-ku-pì-Sú-en6; I-ku-pì-Sú-in,
Ikūn-pī-Tašmētum,FALSE,,
Ikūn-pīa,FALSE,I-ku-pí-a,
Ikūn-pīya,FALSE,I-ku-pí-a,
Ikuna,FALSE,,
Ikūnāya,FALSE,I-ku-na-a,
Ikunim,FALSE,I-ku-nim,
Ikunum,FALSE,,
Ikūnum,FALSE,I-ku-nu-um,
Ikupia,FALSE,i-ku-pí-a,
Ikuppaša,FALSE,,
Ikuppi-Aššur,FALSE,,
Ikuppi-Ištar,FALSE,,
Ikuppia,FALSE,,
Ikūppīya,FALSE,,
Ikūppum,FALSE,,
Ikuri,FALSE,I-ku-ri,
Ikušmu,FALSE,I-ku-uš-mu,
Ikuwa,FALSE,,
Il-wedaku,FALSE,,
Ilaba,FALSE,I-lá-ba,
Ilabrat-bani,FALSE,,
Ilabrat-bāni,FALSE,I-lá-áb-ra-at-ba-ni,
Ilabrat-dunnī,FALSE,I-lá-áb-ra-at-du-<ni>; {d}NIN.ŠUBUR-du-ni,
Ilali,TRUE,i-lá-li,
Ilali,TRUE,I-lá-lí,
Ilali,TRUE,I-lá-li; I-lá-lí,
Ilalia,TRUE,I-lá-lí-a,
Ilalia,TRUE,I-lá-li-a; I-lá-ni-a; i-lá-lí-a,
Ilaliahšu,FALSE,I-lá-li-ah-šu; I-lá-li-a-ah-šu; I-lá-lá-ah-šu,
Ilalialka,TRUE,i-lá-li-el-kà,
Ilalialka,TRUE,i-lá-li-il5-kà; i-lá-li-el-kà; i[-lá-li-]al-kà,
Ilalilka,TRUE,I-lá-li-el-kà; I-lá-li-al-kà,
Ilalilka,TRUE,i-lá-li-il5-kà; i-lá-li-el-kà; i[-lá-li-]al-kà,
Ilalimma,FALSE,il-al-im-ma,
Ilališ,TRUE,i-lá-li-iš,
Ilališ,TRUE,I-lá-li-iš; I-lá-lí-šu,
Ilališ-<big_gap>,FALSE,I-la-li-iš-<big_gap>,
Ilališka,TRUE,i-lá-li-iš-kà,
Ilališka,TRUE,i-lá-li-iš-kà; i-lá-li[-iš-kà],
Ilališkan,TRUE,I-lá-li-iš-kà-an,
Ilališkan,TRUE,i-lá-li-iš-kà-an; i-lá-l[i-i]š-kà-an,
Ilališkan,TRUE,I-lá-li-iš-kà; I-lá-li-iš-kà-an; I-lá-li-iš-kán,
Ilališkan,TRUE,i-lá-li-iš-kán,
Ilaliuman,TRUE,I-la-li-ú-ma-an,
Ilaliuman,TRUE,i-lá-li-ú-ma-an,
Ilaliya,FALSE,,
Ilanišu,FALSE,i-la-ni-šu,
Ilānu-šarrāni,FALSE,161259384490977689738018517105051321,
Ilašrani,FALSE,i-lá-áš-ra-ni,
Ilašranni,FALSE,,
Ilat-bāni,FALSE,,
Ilī-Adad,FALSE,ì-lí-{d}IŠKUR,
Ili-alum,FALSE,,
Ilī-ālum,TRUE,Ì-lí-a-lúm,
Ilī-ālum,TRUE,Ì-lí-a-lúm; -a-lim,
Ilī-amarum,FALSE,,
Ilī-amgur,FALSE,í-lì-am-gur,
Ilī-amranni,FALSE,ì-lí-am-ra-ni,
Ilī-Anum,FALSE,I-la-nim; I-lá-nim,
Ili-ašranni,FALSE,,
Ilī-ašranni,FALSE,Ì-lí-áš-ra-ni; I-lá-áš-ra-ni,
Ilī-ašrannī,FALSE,,
Ili-Aššur,FALSE,,
Ilī-Aššur,FALSE,DINGIR-A-šur,
Ilī-asû,FALSE,DINGIR-a-zu,
Ilī-atta,FALSE,i-li-at-a,
Ili-bani,FALSE,,
Ilī-bāni,TRUE,DINGIR-ba-ni,
Ilī-bāni,TRUE,Ì-lí-ba-ni,
Ilī-bāni,TRUE,Ì-lí-ba-ni; Ili5-ba-ni; DINGIR-ba-ni,
Ilī-bāni,TRUE,Ili5-ba-ni,
Ili-bata,FALSE,,
Ili-beli,FALSE,,
Ilī-bēlī,TRUE,Ì-lí-be-lí,
Ilī-bēlī,TRUE,Ì-lí-be-lí; I-li-be-li; I-li-be-lí; DINGIR-be-lim,
Ilī-Bēlum,FALSE,,
Ilī-binanni,TRUE,Ì-lí-bi4-na-ni,
Ilī-binanni,TRUE,Ì-lí-bi4-na-ni; Ili5-bi-na-ni,
Ilī-da-lim,FALSE,Ì-lí-da-lim,
Ilī-dādī,FALSE,i-li-da-dí,
Ilī-Dagan,FALSE,,
Ili-dan,FALSE,,
Ilī-dan,FALSE,,
Ilī-dān,FALSE,Ì-lí-dan,
Ilī-dannum,FALSE,,
Ilī-daqi,FALSE,DINGIR-da-qí,
Ilī-din,FALSE,Ì-lí-dí-in,
Ilī-dūrum,FALSE,El-du-ru-um,
Ilī-ellat,FALSE,DINGIR-ILLAT,
Ilī-ellitī,FALSE,Ì-lí-ì-lí-tí,
Ili-emuqi,FALSE,,
Ilī-emūqī,TRUE,Ì-lí-e-mu-qí,
Ilī-emūqī,TRUE,Ì-lí-e-mu-qí; I-lá-mu-qí,
Ilī-ēnī,FALSE,í-lì-e-ni,
Ili-ennam,FALSE,,
Ilī-gāmil,FALSE,DINGIR-ga-me-el,
Ilī-iddin,FALSE,Ì-lí-dí-in,
Ilī-iddinaššu,FALSE,Ì-lí-i-dí-na-šu; Ì-lí-dí-na-šu; I-li-dí-na-šu,
Ilī-idī,FALSE,AN-i-dí,
Ilī-ilmad,FALSE,Ì-lí-el-ma-ad,
Ilī-imhuṣanni,FALSE,706088230522133132755119434273703028,
Ilī-imittī,FALSE,ì-lí-mì-tí,
Ilī-Išar,FALSE,Ì-lí-i-šar; Ì-lí-ša-ar; Ì-lí-šar; I-li-šar,
Ilī-kāšid,FALSE,DINGIR-ka-ší-id,
Ilī-kulī,FALSE,ì-lí-ku-li,
Ilī-kurub,TRUE,DINGIR-ku-ru-ub,
Ilī-kurub,TRUE,DINGIR-kur-ub,
Ilī-kurub,TRUE,DINGIR-kur-ub; DINGIR-ku-ru-ub,
Ilī-luri,FALSE,DINGIR-lu-ri,
Ilī-madar,FALSE,ili5-ma-da-ar,
Ili-malak,FALSE,,
Ilī-mālik,FALSE,DINGIR-ma-lik,
Ilī-malkī,FALSE,DINGIR-ma-al-ki,
Ilī-mallāk,FALSE,DINGIR-ma-lá-ak-ma,
Ili-massu,FALSE,,
Ilī-massu,FALSE,ì-lí-ma-sú,
Ili-mešar,FALSE,,
Ilī-mētak,FALSE,Ili5-me-ta-ak,
Ilī-mīšar,FALSE,E-li-me-šar; Ili5-me-šar,
Ilī-mudammiq,FALSE,DINGIR-mu-da-mì-iq,
Ilī-muttabbil,FALSE,DINGIR-mu-ta-bi4-il5,
Ili-nada,FALSE,,
Ilī-nāda,FALSE,,
Ilī-nādā,FALSE,DINGIR-na-da,
Ilī-nišu,FALSE,-ni-šu,
Ili-pi-uṣur,FALSE,,
Ilī-pī-uṣur,FALSE,DINGIR-pí-ú-ṣú-ur,
Ili-pilah,FALSE,,
Ilī-pilah,FALSE,DINGIR-pí-lá-ah,
Ili-rabi,FALSE,,
Ilī-rabi,FALSE,Ì-lí-GAL; DINGIR-GAL; DINGIR-ra-be; -re-bi,
Ili-re’i,FALSE,,
Ilī-rē'ī,TRUE,DINGIR-SIPA,
Ilī-rē'ī,TRUE,DINGIR-SIPA; DINGIR-lu-re-i; DINGIR-SIPA-i,
Ilī-rēṣum,FALSE,DINGIR-re-ṣú-um; -re-ṣí-im; DINGIR-re-ṣú,
Ilī-šadu'e,FALSE,ì-lí-SA.TU,
Ilī-šalim,FALSE,Ili5-SÁ-lim,
Ilī-šudu,FALSE,Ì-lí-šu-du,
Ilī-Suen,FALSE,Ì-lí-Sú-in; E-lí-,
Ilī-šukkal,FALSE,Ì-lí-SUKKAL; Ì-lí-šu-kal,
Ilī-ṣulūlī,FALSE,DINGIR-ṣú-lu-li,
Ilī-ṭāb,FALSE,í-lì-ṭá-áb,
Ilī-ṭābu,FALSE,I-li-da-a-bu,
Ili-taklaku,FALSE,,
Ilī-taklāku,FALSE,DINGIR-ták-lá-ku,
Ilī-tappā,FALSE,Ì-lí-tap-pá,
Ilī-tappā’ī,FALSE,ì-lí-tap-pá-i,
Ilī-tayyār,FALSE,El-ta-ar,
Ilī-tual,FALSE,DINGIR-tù-al,
Ilī-tukultī,FALSE,Ì-lí-tù-ku-ul-tí,
Ilī-tūram,FALSE,Ì-lí-tù-ra-am,
Ili-uṣranni,FALSE,,
Ilī-uṣranni,FALSE,Ì-lí-uṣ-ra-ni,
Ilī-wašranni,FALSE,,
Ili-wedaku,FALSE,ili5-we-da-ku,
Ilī-wēdāku,FALSE,Ì-lí-we-da-ku; Ili5-we-da-ku,
Ilia,TRUE,I-li-a,
Ilia,TRUE,I-li-a; Ì-lí-a; I-lí-a; Ì-lí-a-a; I-li-a,
Iliašrani,FALSE,Ì-lí-áš-ra-ni,
Iliata,FALSE,,
Ilibim,FALSE,,
Ilibli,FALSE,I-li-ip-li,
Iliblibi,FALSE,I-li-ip-li-bi,
Ilidinašu,FALSE,i-li-dí-na-šu,
Ilikuni,FALSE,i-li-ku-ni,
Ilila,TRUE,I-li-lá,
Ilila,TRUE,i-li-lá; i-l[i-lá],
Ililadi,FALSE,I-li-lá-tí,
Ilili,FALSE,I-li-li,
Ilīma-ilum,FALSE,,
Ilimiata,FALSE,I-li-me-a-ta,
Ilina,FALSE,ì-lí-na,
Iliš-takil,FALSE,,
Iliš-takkil,FALSE,,
Iliš-tikal,FALSE,Ì-lí-iš-ta-ki-il5,
Ilišaki,FALSE,I-li-ša-ki,
Ilīšu-dān,FALSE,,
Ilišu-ibbišu,FALSE,,
Ilišu-rabi,FALSE,,
Ilišudāya,FALSE,I-li-šu-da-a; DINGIR-šu-da-a-a,
Iliya,FALSE,,
Illil-bāni,FALSE,I-li-il5-ba-ni,
Ilmadar,FALSE,El-ma-da-ar,
Ilmašu,FALSE,,
Ilmedak,FALSE,,
Ilšu-ah,FALSE,il-šu-ah,
Ilšu-bani,FALSE,,
Ilšu-bāni,FALSE,,
Ilšu-dan,FALSE,ì-lí-šu-dan,
Ilšu-dān,FALSE,Ì-lí-šu-dan,
Ilšu-Daya,FALSE,i-li-šu-da-a,
Ilšu-ennam,FALSE,DINGIR-šu-e-e-nam,
Ilšu-idī,FALSE,il-šu-i-dí,
Ilšu-kēn,FALSE,I-li-šu-DU,
Ilšu-rabi,TRUE,i-li-šu-ra-bi,
Ilšu-rabi,TRUE,Ì-lí-šu-ra-bi; DINGIR/Il5-šu-GAL,
Ilšudu,FALSE,DINGIR-šu-du,
Ilšurima,FALSE,El-šu-ri-ma,
Ilu-nādā,FALSE,I-lu-na-da,
Ilu-šumma,FALSE,I-lu-šu-ma; DINGIR-šu-ma,
Ilua,TRUE,i-lu-a,
Ilua,TRUE,I-lu-a; I-lu-ú-a,
Iluhlu,FALSE,I-lu-ùh-lu  Ikuhlu,
Iluki,FALSE,I-lu-ki; DINGIR-lu-ki,
Iluku,FALSE,i-lu-ku,
Ilukuli,FALSE,I-lu-ku-li,
Ilulu,FALSE,i-lu-lu,
Ilum-Anum,FALSE,,
Ilum-hussanni,FALSE,DINGIR-im-hu-ṣa-ni,
Ilum-idī,FALSE,i-lu-um-i-dí,
Ilum-imittī,FALSE,I-lu-i-mì-tí; Ili5-mì-tí,
Ilum-mallāk,FALSE,DINGIR-lu-um-ma-la-ak; DINGIR-ma-la-ak,
Ilum-rēṣī,FALSE,,
Ilumahi,FALSE,i-lu-ma-hi,
Ilumma-ahī,FALSE,I-lu-ma-hi,
Ilumma-Aššur,FALSE,i-lu-ma-aš-šur,
Iluraš,FALSE,il-ur-aš,
Ilušuma,FALSE,i-lu-šu-ma,
Imani,FALSE,I-ma-a-ni; I-me-ni,
Imdahi,FALSE,Im-da-hi,
Imdī-Adad,FALSE,im-dí-{d}IŠKUR,
Imdī-dan,FALSE,,
Imdī-dān,FALSE,Im-dí-dan,
Imdī-ilum,FALSE,Im-dí-lu-um,
Imdilum,FALSE,,
Imgua,FALSE,Im-ku-a,
Imgur-Aššur,FALSE,Im-gu5-ur-A-šur; Im-kur-,
Imini,FALSE,i-mi-ni,
Imir,FALSE,I-me-er,
Imlik-Aššur,FALSE,im-li-ik-a-šùr,
Imlik-ilum,FALSE,Im-li-ik-i-li-im,
Imlikaya,FALSE,,
Imlikāya,TRUE,Im-li-kà-a,
Imlikāya,TRUE,Im-li-kà-a; Im-li-ik-a; Im-lik-a-a,
Immerum,FALSE,I-me-ri-im,
Imrāya,FALSE,Im-ra-a,
Imrimari,FALSE,Im-ri-ma-ri; Im-ri-a-ri,
Imrimuša,FALSE,Im-ri-mu-ša,
Imrum,FALSE,,
Imtahi,FALSE,,
In-na-A-šur,FALSE,In-na-A-šur,
Inab-Adad,FALSE,In!-bi-{d}IM,
Inab-Aššur,FALSE,In-ba-A-šur,
Inab-Ištar,FALSE,In-bi/be-,
Inah,FALSE,i-na-ah,
Inah-il,FALSE,,
Inah-ilī,FALSE,I-na-ah-; E-na-ah-; E-na-hi-DINGIR; E-na-hi-lim,
Inar,FALSE,I-na-ar,
Inar-<gap>,FALSE,i-na-ar[-...],
Inarahšu,FALSE,I-na-ra-ah-šu,
Inarawa,TRUE,I-na-ra-wa,
Inarawa,TRUE,I-na-ra-wa; I-na-ra-wa-an,
Inarawada,FALSE,I-na-ra-wa-da,
Inarawan,TRUE,i-na-ra-wa-an,
Inarawan,TRUE,i-na-ra-wa-an; i-na-ra-wa[-an]; [i-]na-ra-wa-an,
Inarawan,TRUE,i-na-ra-wa!-an,
Inarawan,TRUE,i-na-ra-wa!-an; i-na-ra-wa-an,
Inarma,FALSE,i-na-ar-ma,
Inarmei,FALSE,i-na-ar-me-i,
Inarmi,FALSE,I-na-ar-me-i,
Inaza,FALSE,,
Inbata,FALSE,in-ba-ta,
Inbi-ištar,FALSE,in-bi4-ištar,
Iniata,FALSE,I-ni-a-ta,
Innaya,FALSE,,
Innāya,TRUE,I-na-a,
Innāya,TRUE,I-na-a; I-na-a-a,
Inuma,FALSE,i-nu-ma,
Investors,FALSE,,
Iphurum,FALSE,Ip-hu-ri-im,
Ipiahšu,FALSE,i-pì-a-ah-šu,
Ipmei,FALSE,ip-me-i,
Ipmi,FALSE,Ip-me-i,
Ipniašari,FALSE,Ip-ni-a-ša-ri,
Ippalu,FALSE,ip-pa-lu,
Ippilis,FALSE,I-pì/pí-li-is,
Ipqim,FALSE,ip-qí-im,
Ipqululu,FALSE,ip-qu-lu-lu,
Ipqum,FALSE,Ip-qum,
Ipšudak,TRUE,ip-šu-da-ak,
Ipšudak,TRUE,Ip-šu-da-ak; Ip-šu-du-uk,
Ipṭur-Suen,FALSE,Ip-ṭur4-30,
Ir-ma-a,FALSE,,
Ir-Nanna,FALSE,ÌR-{d}NANNA,
Ir’ibum,FALSE,,
Iram,FALSE,I-ra-am,
Iram-Adad,FALSE,Ir-ma-{d}IM,
Iram-Aššur,TRUE,Ir-am-A-šur; Ir-ma-A-šur,
Iram-Aššur,TRUE,Ir-ma-A-šur,
Iram-mālik,FALSE,Ir-am-ma-lik,
Irbab’eri,FALSE,ir-ba-áb-e-ri,
Irbaberi,FALSE,Ir-ba-ab-e-ri,
Irbi-Adad,FALSE,ir-bi-{d}IŠKUR,
Iribu,FALSE,I-ri-bu; I-ri-bi4-im,
Iribum,FALSE,I-ri-bu; I-ri-bu-um,
Irišim,FALSE,i-ri-ší-im,
Irišum,FALSE,,
Irma-<big_gap>,FALSE,Ir-ma-<big_gap>,
Irma-Aššur,TRUE,Ir-ma-A-šùr,
Irma-Aššur,TRUE,Ir-ma-a-šùr; Ir-ma-a-šur,
Irma-Ištar,FALSE,Ir-ma-Ištar,
Irmāya,FALSE,Ir-ma-a,
Irmununa,FALSE,Ir-mu-nu-na,
Irnuašu,FALSE,Ir-nu-a-šu; A-ar-nu-a-šu,
Irnuid,FALSE,Ir-nu-it; Ir-nu-i-it,
Irnuwašu,TRUE,ir-nu-wa-šu,
Irnuwašu,TRUE,ir-nu-wa-šu; a-ar-nu-a-šu,
Irra-dan,FALSE,,
Irranta,FALSE,Ir-ra-an-ta,
Irraya,FALSE,,
Irsališa,FALSE,Ir-sá-li-ša,
Iršibiš,FALSE,Ir-ší-be-iš,
Iršu-malik,FALSE,,
Iršum-mālik,FALSE,,
Irumania,FALSE,ir-um-an-ia,
Irwa-šarri,FALSE,,
Iš-ma-num,FALSE,,
Isa,FALSE,I-sá-a; I-za-a,
Iša,FALSE,I-ša-a,
Isalia,FALSE,,
Isālia,FALSE,I-sá-li-a; I-za-li-a; I-za-ni-a,
Išānum,FALSE,,
Išar-ahum,FALSE,I-šar-a-hi,
Išar-Aššur,FALSE,I-šar-A-šur,
Išar-beli,FALSE,,
Išar-bēlī,FALSE,I-šar-be-lí,
Išar-Bēlum,FALSE,,
Išar-Dagān,FALSE,I-šar-Da-ga-an,
Išar-Ea,FALSE,I-šar-É-a,
Išar-Harim,FALSE,I-ša-ar-ha-ri-im,
Išar-ilī,FALSE,I-šar-ì-lí,
Išar-kī-matān,FALSE,,
Išar-kit-Aššur,FALSE,I-šar-ki-da-A-šur,
Išar-Kubi,FALSE,,
Išar-Kūbum,FALSE,I-šar-Ku-be,
Išar-lū-balaṭ,FALSE,I-šar-lu-ba-la-aṭ,
Išar-Suen,FALSE,,
Išaria,FALSE,I-ša-ri-a,
Išarzušu,FALSE,iš-ar-zu-šu,
Isaya,FALSE,,
Išaya,FALSE,,
Isbua,FALSE,Is-pu-a,
Išdu-ken,FALSE,,
Išdu-kēn,FALSE,Iš-du-ke-en; -ki-in,
Išduken,FALSE,,
Ishanuel,FALSE,is-ha-nu-el,
Išhapuli,FALSE,iš-ha-pu-li,
Isihum,FALSE,,
Iṣili,FALSE,i-ṣi-li,
Išīm-Mēšar,FALSE,iš-i-me-šar,
Išim-Suen,FALSE,i-ší-im-sú-en6,
Išīm-Suen,FALSE,I-ší-im-Sú-en6,
Iskaka,FALSE,is-ka-ka,
Iskānum,FALSE,Is-kà-num,
Iskubum,FALSE,Is-ku-bu-um,
Iškuna,FALSE,iš-ku-na-a,
Iškunanika,FALSE,iš-ku-na-ni-kà,
Iškunašu,FALSE,,
Iškuwama,FALSE,iš-ku-wa-ma,
Išma-{d}IM,FALSE,iš-ma-{d}IM,
Išma-Aššur,FALSE,,
Ismalum,FALSE,Is-ma-lim,
Išmānum,FALSE,,
Išmāya,FALSE,Iš-ma-a-a,
Išme-Adad,FALSE,Iš-ma-,
Išme-Alpum,FALSE,,
Išme-Anum,FALSE,Iš-ma-nu-um,
Išme-Aššur,FALSE,Iš-me-; Iš-ma-,
Išme-Dagān,FALSE,iš-me-da-gan,
Išme-DINGIR,FALSE,Iš-me-DINGIR,
Išme-Ea,FALSE,iš-me-a,
Išme-Enlil,FALSE,Iš-me-le-el,
Išme-ilī,FALSE,iš-me-DINGIR,
Išme-ilum,FALSE,Iš-me-lam,
Išme-Ištar,FALSE,iš-me-IŠTAR,
Išme-Suen,FALSE,iš-me-su-en,
Iṣmid-ilum,FALSE,Iṣ-mì-id-DINGIR; Iṣ-mì-dí-DINGIR; ÁŠ-DINGIR,
Išpudahšu,TRUE,iš-pu-da-ah-šu,
Išpudahšu,TRUE,iš-pu-da-ah-šu; [iš-]pu-da-ah-šu,
Išpunahšu,FALSE,Iš-pu-na-ah-šu,
Išpunuman,TRUE,Iš-pu-nu-ma-an,
Išpunuman,TRUE,iš-pu-nu-ma-an; [iš-p]u-nu-ma-an,
Išra-bēlī,FALSE,iš-ra-bé-li,
Issu-arik,TRUE,I-sú-ri-ik,
Issu-arik,TRUE,I-sú-ri-ik; I-sú-rik,
Issuhi,FALSE,,
Issurik,FALSE,I-sú-ri-ik; I-sú-rik,
Išta-kuššar,FALSE,iš-ta-ku-šar,
Ištahšuah,FALSE,Iš-ta-ah-šu-ah,
Ištalkian,FALSE,Iš-ta-al-ki-a-an,
Ištar-ba-a,FALSE,,
Ištar-bani,FALSE,,
Ištar-bāni,FALSE,Ištar-ba-ni,
Ištar-bāštī,FALSE,Ištar-ba-áš-tí,
Ištar-Baya,FALSE,IŠTAR-ba-a,
Ištar-bilušu,FALSE,Ištar-bi-lu-šu,
Ištar-damiq,FALSE,Ištar-SIG5,
Ištar-dūrī,FALSE,IŠTAR-du-ri,
Ištar-ibra,TRUE,[ištar]-ib-ra,
Ištar-ibra,TRUE,ištar-ib-ra,
Ištar-ibra,TRUE,ištar-ip-ra,
Ištar-IGI.DU,FALSE,Ištar-IGI.DU,
Ištar-ilšu,FALSE,Ištar-el-šu; Ištar-DINGIR-šu,
Ištar-ipra,TRUE,ištar-ip-ra,
Ištar-ipra,TRUE,ištar!-i[p-ra],
Ištar-kakkabum,FALSE,,
Ištar-laba,FALSE,Ištar-lá-ba,
Ištar-lamassi,FALSE,,
Ištar-lamassī,FALSE,Ištar-lá-ma-sí,
Ištar-LI,FALSE,IŠTAR-LI,
Ištar-malak,FALSE,,
Ištar-mallāk,FALSE,Ištar-ma-lá-ak,
Ištar-nādā,FALSE,Ištar-na-da,
Ištar-nadi,FALSE,,
Ištar-nimrī,FALSE,IŠTAR-nim-ri,
Ištar-palil,FALSE,,
Ištar-pālil,FALSE,Ištar-pá-li-il5,
Ištar-pilah,TRUE,Ištar-pì-lá-ah,
Ištar-pilah,TRUE,Ištar-pí-lá-ah; Ištar-pì-lá-ah,
Ištar-puzrī,FALSE,Ištar-pu-úz-ri,
Ištar-qīštī,FALSE,IŠTAR-qi-iš-tí,
Ištar-rabiat,FALSE,Ištar-ra-be-at; Ištar-ra-bi4-a-at,
Ištar-šadu'e,FALSE,394196301536565714854817592870114283,
Ištar-šarrassa,FALSE,Ištar-ša-ra-sà,
Ištar-ṣulūlī,FALSE,IŠTAR-ṣú-lu-li,
Ištar-tappā’ī,FALSE,IŠTAR-ta-pá-i,
Ištar-tūbil,FALSE,-tù-bil,
Ištar-tūlid,FALSE,-tù-li-id,
Ištar-tulissu,FALSE,,
Ištar-tūlissu,FALSE,Ištar-tù-li-sú,
Ištar-ummī,FALSE,Ištar-um-mì,
Ištar-waldat,FALSE,Ištar-wa-al-da-at,
Ištaribra,FALSE,,
Išti-Aššur-<gap>-al-ku,FALSE,,
Išuah,FALSE,i-šu-ah,
Išuhum,FALSE,I-šu-hu-um; I-šu-hi-im,
Išum-mālik,FALSE,,
Itamea,FALSE,i-ta-me-a,
Itamia,FALSE,I-ta-me-a,
Itan,FALSE,it-an,
Itarda,FALSE,it-ar-da,
Itariš,FALSE,it-ar-iš,
Itarta,FALSE,I-da-ar-da,
Itarzia,FALSE,,
Itāya,FALSE,I-ta-a-a,
Iṭīb-šinat,FALSE,,
Itihilim,FALSE,I-tí-hi-i-lim,
Itinia,FALSE,I-tí-ni-a,
Iṭiranum,FALSE,I-ṭí-ra-nim,
Ititi,FALSE,I-ti-ti; I-tí-tí,
Itmada,FALSE,,
Iṭṭīb-šināt,FALSE,I-ṭí-ib-ší-na-at; E-ṭí-ib-ší-na-at,
Itūr-Adad,FALSE,I-tur4-{d}IM,
Itūr-Anum,FALSE,,
Itūr-Aššur,FALSE,i-tur4-a-šùr,
Itūr-Bēlum,FALSE,,
Itur-il,FALSE,,
Itūr-ilī,FALSE,I-tù-ur-; I-tur4-ì-lí,
Itur-ken,FALSE,,
Itūr-napsi,FALSE,I-tur4-na-ap-sí,
Itūr-Suen,FALSE,i-tur4-sú-en6,
Itūrāya,FALSE,I-tur4-a-a,
Iya,FALSE,I-a-a,
Iyalia,FALSE,I-a-li-a,
Iyanika,FALSE,I-a-ni-kà,
Izihum,FALSE,I-zi-hi-im,
Iziku,FALSE,,
Izim-Ea,FALSE,iz-im-e-a,
Izim-Suen,FALSE,I-zi-im-Sú-en6,
Izimia,FALSE,I-zi-me-a,
Iziz-Mišar,FALSE,,
Iziz-Mīšar,FALSE,I-zi-iz-me-šar,
Izizāya,FALSE,I-zi-za-a,
Izizia,FALSE,I-zi-zi-a,
Izizzam-ilī,TRUE,I-zi-za-am-ì-lí,
Izizzam-ilī,TRUE,I-zi-za-am-ì-lí; I-zi-za-mì-DINGIR,
Izkanum,FALSE,,
Izukili,FALSE,i-zu-ki-li,
Izuzu,FALSE,i-zu-zu,
Izzizam-ilī,FALSE,,
Kà-ku-a,FALSE,Kà-ku-a,
Kà-na-ni,FALSE,Kà-na-ni,
Kà-ta-a,FALSE,Kà-ta-a,
Kà-ta-ni-na,FALSE,Kà-ta-ni-na,
Kà-ta-ta,FALSE,Kà-ta-ta,
Kà-ta-ta-a,FALSE,Kà-ta-ta-a,
Kà-zu-ú-a,FALSE,Kà-zu-ú-a,
Kaba,FALSE,,
Kabadia,FALSE,,
Kabadum,FALSE,Kà-ba-tim,
Kabašunua,FALSE,,
Kabašunuwa,FALSE,kà-ba-šu-nu-a,
Kabazi,FALSE,,
Kabazili,FALSE,,
Kabazua,FALSE,,
Kabbulum,FALSE,Kà-bu-lim,
Kabia,FALSE,,
Kabiyum,FALSE,,
Kabria,FALSE,,
Kabriya,FALSE,,
Kabṣia,FALSE,kà-áb-ṣí-a,
Kabsutum,FALSE,,
Kabuyuman,FALSE,,
Kabuzia,FALSE,,
Kabzia,FALSE,,
Kabziašwe,FALSE,,
Kadada,FALSE,Kà-da-da,
Kadala,FALSE,kà-da-lá,
Kadalayum,FALSE,,
Kadarzia,FALSE,,
Kadia,FALSE,,
Kadida,FALSE,,
Kadkali,FALSE,,
Kadua,FALSE,kà-du-a,
Kadubbatum,FALSE,,
Kadudu,FALSE,Kà-du-du; Kà-du-du-ú,
Kadukadu,FALSE,,
Kadutala,FALSE,kà-du-ta-lá,
Kahadarawa,FALSE,,
Kahšuna,FALSE,Kà-ah-šu-na,
Kahšunu,FALSE,,
Kahšušar,TRUE,Kà-ah-šu-šar,
Kahšušar,TRUE,kà-ah-šu-šar; kà-ah-šu[-šar],
Kak(a)ria,FALSE,Kà-kà-ri-a; Kà-ag-ri-a,
Kaka,FALSE,Kà-kà-a,
Kakabanum,FALSE,,
Kakamuni,FALSE,Kà-kà-mu-ni,
Kakardinum,FALSE,,
Kakaria,FALSE,kà-kà-ri-a,
Kakawa-<gap>,FALSE,Ga-ga-wa-<gap>,
Kaki,FALSE,Kà-ki; Kà-ki-i; Kà-ki-im,
Kakim,FALSE,kà-ki-im,
Kakkabānum,FALSE,Kà-kà-ba-num a nickname,
Kakria,FALSE,ká-ak-ri-a,
Kakua,FALSE,kà-ku-a,
Kakuš,FALSE,Kà-ku-uš,
Kakzia,FALSE,Kà-ak-zi-a,
Kala,FALSE,Kà-lá; Kà-lá-a,
Kalabum,FALSE,,
Kaladua,FALSE,,
Kalakala,FALSE,kà-lá-kà-lá,
Kalakami,FALSE,Kà-lá-kà-me,
Kalakit,FALSE,Kà-lá-ki-it,
Kalala,FALSE,Kà-lá-lá,
Kalalāya,FALSE,,
Kalalua,FALSE,Kà-lá-lu-a,
Kalamur,FALSE,Kà-lá-mu-ur; Kà-lá-mur,
Kalanašar,FALSE,Kà-lá-na-šar,
Kalarum,FALSE,Kà-lá-ri-im,
Kalasi,FALSE,,
Kalati,FALSE,,
Kalatua,FALSE,Kà-lá-du-a,
Kalazu,FALSE,Kà-lá-zu,
Kaldaya,FALSE,Gal-da-a,
Kali,FALSE,kà-li,
Kalia,TRUE,kà-li-a,
Kalia,TRUE,Kà-li-a; Kà-ni-a,
Kalidi,FALSE,,
Kalika,FALSE,Kà-li-kà,
Kalilawidra,FALSE,Kà-li-lá-wi-it-ra,
Kalilawitra,FALSE,kà-li-lá-wi-it-ra,
Kalilir,FALSE,kà-li-li-ir,
Kaliti,TRUE,kà-li-tí,
Kaliti,TRUE,kà-li-tí; kà-li[-tí],
Kalka,FALSE,Kà-al-kà,
Kalkalalani,FALSE,,
Kalkalia,TRUE,Kà-al-kà-li-a; Kà-al-kà-li-i-a; Kà-al-kà-kà-li-a; Gal-kà-li/lí-a; Gal-ki-li-a; Ki-il5-ki-li-a,
Kalkalia,TRUE,kál-kà-li-a,
Kalkarum,FALSE,Gal-kà-ri-im,
Kalkum,FALSE,,
Kalša,FALSE,Kà-al-ša,
Kalšalia,FALSE,Gal-ša-li-a,
Kalu,FALSE,Kà-lu; Kà-lu-ú,
Kalu’ua,FALSE,kà-lu-ú-a,
Kalua,TRUE,kà-lu-a,
Kalua,TRUE,Kà-lu-a; Kà-lu-ú-a; Kà-lu-wa; Kà-lu-wa-a,
Kalua,TRUE,kà-lu-a; kà-ru-a,
Kaluba,FALSE,Kà-lu-ba,
Kalula,FALSE,kà-lu-l[á],
Kalulu,TRUE,kà-lu-lu,
Kalulu,TRUE,Kà-lu-lu; Kà-lu-lu-uš,
Kaluluš,FALSE,kà-lu-lu-uš,
Kalumi,FALSE,Kà-lu-me,
Kalupa,FALSE,kà-lu-wa; kà-lu-pá,
Kaluwa,TRUE,kà-lu-a,
Kaluwa,TRUE,kà-lu-wa,
Kaluwada,FALSE,Kà-lu-wa-da,
Kalza,FALSE,Kà-al-za,
Kalzu,FALSE,,
Kamalia,FALSE,kà-ma-li-a,
Kamdānum,FALSE,Kà-am-da-num,
Kamlia,FALSE,kam-li-a,
Kammalia,TRUE,Kà-ma-li-a; Kam-ma-li-a,
Kammalia,TRUE,kam-ma-li-a,
Kammalia,TRUE,kam-ma-li-a; ku-ma-li-a,
Kammaliatarawa,FALSE,Kam-ma-li-a-ta-ra-wa,
Kana,TRUE,kà-na,
Kana,TRUE,Kà-na; Kà-na-a,
Kanakana,FALSE,kà-na-kà-na,
Kanana,TRUE,kà-na-na,
Kanana,TRUE,Kà-na-na; Kà-na-na-a,
Kanani,FALSE,Kà-na-ni,
Kanapini,FALSE,Kà-na-pì-ni,
Kanasu,FALSE,kà-na-sú,
Kanāya,FALSE,,
Kani,FALSE,Kà-ni,
Kaniš,FALSE,,
Kanisia,FALSE,kà-ni-sí-a,
Kanizia,FALSE,Kà-ni-zi-a,
Kanmalia,FALSE,kán-ma-li-a,
Kanua,FALSE,Kà-nu-a; Kà-nu-wa,
Kanuašu,FALSE,Kà-nu-a-šu,
Kanula,FALSE,Kà-nu-lá; Kà-nu-li,
Kanuli,FALSE,kà-nu-li,
Kanunu,TRUE,Kà-nu-nu,
Kanunu,TRUE,kà-nu-nu-ú,
Kanunû,FALSE,Kà-nu-nu-ú,
Kanunuwa,FALSE,kà-nu-nu-wa,
Kanutum,FALSE,Kà-nu-tum,
Kapa,FALSE,Kà-pá-a,
Kapadum,FALSE,,
Kapasi,FALSE,Kà-pá-zi,
Kapasili,FALSE,Kà-pá-zi-li,
Kapasua,FALSE,Kà-pá-zu-a,
Kapašunua,FALSE,Kà-pá-šu-nu-a; Kà-pá-šu-nu-wa,
Kapašunuwa,FALSE,kà-pá-šu-nu-wa,
Kapatia,FALSE,Kà-pá-tí-a,
Kapia,FALSE,Kà-pí-a,
Kapiria,FALSE,kà-pí-ri-a,
Kapiuman,FALSE,kà-pì-ú-m[a-an],
Kapria,FALSE,Kà-áp-ri-a,
Kapsia,FALSE,Kà-áp-zi-a; Kà-áp-zi,
Kapsiašwa,FALSE,Kà-áp-zi-,
Kapu,FALSE,Kà-pu-ú,
Kapu'uman,FALSE,Kà-pu-ú-ma-an; Kà-pu-wu-ma-an; Kà-pu-i-ú-ma-an,
Kapu’uman,FALSE,kà-pu-ú-ma-an,
Kapuiuman,FALSE,kà-pu-i-ú-ma-an,
Kapuman,FALSE,,
Kapusia,FALSE,Kà-pu-zi-a,
Kapuwuman,TRUE,kà-pu-wa-ma-an,
Kapuwuman,TRUE,kà-pu-wa-ma-an; kà-pu-wu-ma-an,
Kapzia,FALSE,kà-áp-zi-a,
Kapziašwe,FALSE,kà-áp-zi-áš-we,
Kara,FALSE,Kà-ra-a,
Karada,FALSE,Kà-ra-da,
Karadan,FALSE,{m}kà-ra-dan,
Karala,FALSE,,
Karara,FALSE,Kà-ra-ra,
Karašu,FALSE,Kà-ra-šu-x,
Karašuman,FALSE,Kà-ra-šu-ma-an,
Karašuna,TRUE,ká-ra-šu-na,
Karašuna,TRUE,Kà-ra-šu-na,
Karašunu-<gap>,FALSE,kà-ra-šu-nu[-...]; kà-ra[-šu-nu-...],
Karawa,FALSE,Kà-ra-wa,
Karda,FALSE,Kà-ar-da; Kà-ar-da-a; Kàr-da-a,
Kardaya,FALSE,,
Kardinua,FALSE,kà-ar-dí-nu-a,
Kardinuwa,FALSE,Kà-ar-tí-nu-a,
Karia,FALSE,Kà-ri-a,
Karna,FALSE,,
Karnaba,FALSE,,
Karnalaki,FALSE,Kà-ar-na-lá-[x],
Karnapaka,FALSE,Kà-ar-na-pá-kà,
Karria,TRUE,Kà-ri-a; Kàr-ri-a,
Karria,TRUE,Kàr-ri-a,
Karriya,FALSE,,
Karšini,FALSE,kà-ar-ší-ni,
Karšunua,FALSE,,
Karšunuwa,FALSE,Kà-ra-šu-na; Kà-ar-šu-nu-a; Kà-ra-šu-nu-[a],
Kartaya,FALSE,,
Kartinuwa,FALSE,,
Karua,FALSE,kà-ru-ú-a,
Karubua,FALSE,Kà-ru-pu-a,
Karunua,FALSE,kà-ru-nu-a,
Karunuwa,TRUE,Kà-ru-nu-a; Kà-ru-nu-wa; Kà-ru-nu-wa-a,
Karunuwa,TRUE,kà-ru-nu-wa; kà-ru-<nu->wa,
Karunuwaš,FALSE,,
Karupaša,FALSE,,
Karurum,FALSE,,
Karuwa,FALSE,Kà-ru-a; Kà-ru-wa; Kà-ru-wa-a; Kà-lu-a; Kàr-wa; Kàr-wa-a; Kà-ar-wa-a; Kàr-wa-a-a,
Karwa,FALSE,Kàr-wa; Kàr-wa-a; Kà-ar-wa-a; Kàr-wa-a-a,
Karwaya,FALSE,,
Karwia,FALSE,,
Karzilili,FALSE,Kà-ar-zi-li-li,
Kasa,FALSE,Kà-sá; Kà-za-a,
Kasana,FALSE,kà-sà-na,
Kasasa,FALSE,Kà-sá-sá; Kà-za-za; Kà-za-sá,
Kasba,FALSE,Kà-as-pá; Kà-zu-pá,
Kasi,FALSE,Kà-zi,
Kasia,FALSE,Kà-zi-a,
Kasisi,FALSE,Kà-sí-sí,
Kašiwa,FALSE,,
Kaskanuil,FALSE,Kà-as-kà-nu-i-el,
Kaslum,FALSE,Kà-as-lim,
Kaspum-rabi,FALSE,KÙ.BABBAR-GAL,
Kašši,FALSE,kà-áš-ší,
Kaššum,FALSE,,
Kasu,FALSE,Kà-zu,
Kata,FALSE,Kà-ta-a,
Katakata,FALSE,Kà-da-kà-da,
Katala,FALSE,Kà-da-lá,
Katarsia,FALSE,Kà-dar-zi-a,
Katarzia,FALSE,,
Katašašar,FALSE,,
Katata,FALSE,Kà-ta-ta-a,
Katatāya,FALSE,,
Katātum,FALSE,,
Katida,FALSE,Kà-tí-da,
Katila,FALSE,,
Katilili,FALSE,Kà-tí-li-li,
Katina,FALSE,,
Katkali,FALSE,Kà-at-kà-li,
Katua,FALSE,Kà-du-a,
Katukatu,FALSE,Kà-du-kà-du,
Kauba,FALSE,kà-ú-ba-a,
Kaupa,FALSE,Kà-ú-ba; Kà-ú-ba-a,
Kawa,TRUE,kà-wa,
Kawa,TRUE,Kà-wa-a; Kà-wa-áš; Kà-wa-a-áš,
Kawa’aš,FALSE,kà-wa-a-áš,
Kawa(š),FALSE,Kà-wa-a; Kà-wa-áš; Kà-wa-a-áš,
Kawala,FALSE,Kà-wa-lá,
Kawaš,FALSE,,
Kawila,FALSE,,
Kaya,FALSE,,
Kayadum,FALSE,Kà-a-dim; Kà-a-a-dim; Kà-a-dí-im; Kà-i-dim,
Kayātum,FALSE,,
Kaza,TRUE,kà-za-a,
Kaza,TRUE,kà-za-a; k[à-...],
Kazabali,FALSE,Kà-za-ba-a-li,
Kazabid,FALSE,,
Kazakzili,FALSE,Kà-za-ak-zi-li,
Kazakzitiš,FALSE,Kà-za-ak-zi-tí-iš or Kazakzili,
Kazali,FALSE,Kà-a-za-lim,
Kazalum,FALSE,,
Kazapali,FALSE,Kà-za-pá-a-li,
Kazaya,FALSE,,
Kazaza,FALSE,kà-za-za,
Kazi,FALSE,,
Kazia,FALSE,,
Kaziya,FALSE,,
Kazu,FALSE,,
Kazua,TRUE,kà-zu-a,
Kazua,TRUE,Kà-zu-a; Kà-zu-wa,
Kazuba,FALSE,kà-sú-ba,
Kazubeli,FALSE,,
Kazuka,FALSE,Kà-zu!-kà,
Kazupa,FALSE,kà-zu-pá,
Kazuwa,FALSE,kà-zu-wa,
Kazuzu,FALSE,Ga-zu-zu,
Kella,FALSE,Ki-lá,
Kēna-Aššur,FALSE,ke-na-a-šùr,
Kēnam-Aššur,FALSE,,
Kēnāya,FALSE,Ki-na-a; Ki-na-a-a; Gi-na-a-a,
Kēnua,FALSE,Ki-nu-a,
Kēnum,FALSE,Ki-num,
Kēnum-Aššur,FALSE,Ki-nu-um-A-šùr; Ki-na-A-šur,
Kēnum-waqar,FALSE,Ki-nu-um-wa-qar,
Ki-be-zi,FALSE,,
Ki-ší-na,FALSE,,
Ki-za-ni-ša,FALSE,,
Kibal,FALSE,ki-bá-al,
Kibanu,FALSE,,
Kibuizi,FALSE,,
Kibuman,FALSE,,
Kida,FALSE,Ki-da-a,
Kidahšu,FALSE,ki-da-ah-šu,
Kidar,FALSE,Ki-da-ar; Ki-ta-ar,
Kidarlanu,FALSE,,
Kidašu,FALSE,Ki!-da-šu,
Kidaya,FALSE,,
Kidim,FALSE,Ki-dí-im,
Kidkidu,FALSE,,
Kidum,FALSE,,
Kikarašnahšu,TRUE,Ki-kà-ar-áš-na-ah-šu,
Kikarašnahšu,TRUE,ki-kà-ar-áš-na-ah<-šu>; ki-kà-ar-áš-na-ah-šu,
Kikarnahšu,FALSE,Ki-kà-ar-na-ah-šu,
Kikarša,FALSE,Ki-kà-ar-ša,
Kikarša(n),FALSE,ki-kà-ar-ša-an; ki-kà-ar-ša,
Kikaršahšu,FALSE,Ki-kà-ar-ša-ah-šu,
Kikaršan,TRUE,ki-kà-ar-ša-an,
Kikaršan,TRUE,ki-kar-ša-an,
Kikaršan,TRUE,ki-kàr-ša-an,
Kikaršan,TRUE,ki-kàr-ša-an; ki-kà-ar-ša-an,
Kikaršan,TRUE,Ki-kàr-ša-an; Ki-kà-ar-ša-an; Ki-kàr-ší-en,
Kikaršin,FALSE,ki-kàr-ší-in4,
Kikaršnah,FALSE,,
Kikazu,FALSE,Ki-kà-zu,
Kiki,FALSE,Ki-ki; Ki-i-ki; Ki-ki-i,
Kikianum,FALSE,Ki-ki-a-nim,
Kikib,FALSE,Ki-ki-ib,
Kikidānum,FALSE,Ki-ki-da-nim,
Kikikurani,FALSE,,
Kikili,FALSE,,
Kikini,FALSE,Ki-ki-ni,
Kikulānum,FALSE,,
Kila,FALSE,Ki-lá,
Kilalabu,FALSE,Ki-lá-lá-bu,
Kilali,FALSE,ki-lá-lim,
Kilalum,FALSE,Ki-lá-lim,
Kilaridum,FALSE,,
Kilarium,FALSE,,
Kilariwa,FALSE,ki-la-ri-wa,
Kilawira,FALSE,Ki-lá-wi-ra,
Kildu,FALSE,Ki-el-du,
Kili,FALSE,ki-li,
Kilia,FALSE,,
Kilili,FALSE,Ki-li-li,
Kililzum,FALSE,,
Kiliya,FALSE,Ki-li-a,
Kilulu,FALSE,,
Kimaham,FALSE,Ki-ma-ha-am,
Kimarnala,FALSE,Ki-ma-ar-na-lá,
Kimarniman,FALSE,ki-ma-ar-ni-ma-an,
Kimelu,FALSE,ki-me!-lu,
Kimernala,FALSE,ki-me-er-na-lá,
Kimiya,FALSE,,
Kinahšu,FALSE,,
Kinanati,FALSE,,
Kināya,FALSE,,
King,FALSE,wa-ak-lúm-ma; wa-ak-lúm,
King of Amkuwa,FALSE,,
King of Burušhaddum,FALSE,,
King of Hahhum,FALSE,,
King of Hattuš,FALSE,,
King of Hurrama,FALSE,,
King of Kanish,FALSE,,
King of Kapitra,FALSE,,
King of Mama,FALSE,,
King of Šinahutum,FALSE,,
King of Tamnia,FALSE,,
King of Tawinia,FALSE,,
King of Wahšušana,FALSE,,
King of Wašhania,FALSE,,
King Puzur-Aššur II,FALSE,,
King Šamšī-Adad I,FALSE,,
King Šarrukīn,FALSE,,
Kini,FALSE,Ki-na-na-tí-i,
Kinia,FALSE,,
Kiniahšu,TRUE,Ki-ni-a-ah-šu,
Kiniahšu,TRUE,ki!-ni-a-ah-šu,
Kinini,FALSE,,
Kinua,FALSE,ki-nu-a,
Kinwanuwa,FALSE,Ki-in-wa-nu-wa,
Kipal,FALSE,Ki-pá-al,
Kipanu,FALSE,Ki-pá-nu,
Kipu’uman,FALSE,ki-pu-ú-ma-an,
Kipuman,FALSE,Ki-pu-ú-ma-an; Ku-pu-ú-ma-an,
Kipunuman,FALSE,,
Kiri,FALSE,ki-ri,
Kiriš,FALSE,ki-ri; ki-ri-iš,
Kirri,FALSE,Ki-ri; Ki-ri-iš,
Kišaranānum,FALSE,Ki-ša-ra-num,
Kišaranum,FALSE,,
Kišarānum,FALSE,,
Kishanuel,FALSE,Ki-is-ha-nu-el; Ki-is-ha-nu-we-el; GIŠ-ha-nu-el; Kà-as-ha-nu-el,
Kisia,FALSE,,
Kišrān,FALSE,Ki-iš-ra-an,
Kištahšu,FALSE,ki-iš-ta-ah-šu,
Kisuru,FALSE,ki-sú-ru,
Kitar,FALSE,,
Kititi,FALSE,,
Kitkidu,FALSE,ki-it-ki-du,
Kitkitu,FALSE,Ki-it-ki-tù,
Kittam-bēl-<gap>,FALSE,Ki-tám-be-el-x x,
Kizaya,FALSE,,
Kizi,FALSE,Ki-zi,
Kizia,FALSE,,
Kizila,FALSE,Ki-zi-lá,
Kizimānum,FALSE,Ki-zi-ma-nim,
Kizum,FALSE,Ki-zu-um,
Kizuru,FALSE,Ki-zu-ru,
Ku-dí,FALSE,Ku-dí,
Ku-e-ta-ar,FALSE,Ku-e-ta-ar,
Ku-ku-a,FALSE,Ku-ku-a,
Ku-lá,FALSE,Ku-lá,
Ku-lu-šu,FALSE,Ku-lu-šu,
Ku-na,FALSE,Ku-na,
Ku-na-a,FALSE,Ku-na-a,
Ku-ša-a,FALSE,Ku-ša-a,
Ku-ta-a,FALSE,Ku-ta-a,
Ku-TI-na,FALSE,Ku-TI-na,
Ku-ul-ša-ša-ma,FALSE,Ku-ul-ša-ša-ma,
Ku-za,FALSE,Ku-za,
Ku-zi,FALSE,Ku-zi,
Kuadar,FALSE,,
Kuali,FALSE,Ku-a-li,
Kualma,FALSE,Ku-al-ma,
Kuatar,FALSE,ku-a-tár,
Kuāya,FALSE,ku-a-a,
Kub-atal,FALSE,Ku-ba-da-al,
Kubabal,FALSE,,
Kubabiru,FALSE,,
Kubabtum,FALSE,,
Kuberiš,FALSE,{m}ku-be-e-ri-iš,
Kubēya,FALSE,,
Kūbī-idī,FALSE,,
Kūbi-nādā,FALSE,Ku-be-na-da,
Kūbī-nādā,FALSE,,
Kubia,FALSE,Ku-bi/be-a,
Kubiari,FALSE,,
Kubida,FALSE,,
Kubidi,TRUE,Ku-bi-dí,
Kubidi,TRUE,ku-bi4-di,
Kubidum,FALSE,,
Kubie,FALSE,,
Kubila,FALSE,,
Kubinari,FALSE,Ku-bi-na-ri,
Kubiya,FALSE,,
Kubrurak,FALSE,Ku-ub-ru-um-ra-ak,
Kūbum-ilum,FALSE,Ku-bu-lim,
Kuburšinum,FALSE,,
Kudamna,FALSE,,
Kudānum,FALSE,Ku-da-nim,
Kudar-ilī,FALSE,,
Kudarili,FALSE,Ku-da-ri-li; Ku-da-ri-ni,
Kudatum,FALSE,,
Kudātum,FALSE,Ku-da-tum; -tim; -tám; Ku-ta-tí; Ku-da-tí-im,
Kudaya,FALSE,,
Kudāya,FALSE,,
Kudibiš,FALSE,,
Kudida,FALSE,Ku-dí-da,
Kudu,FALSE,Ku-du,
Kudubiš,FALSE,ku-da-bi4-iš,
Kududu,FALSE,Ku-du-du,
Kududunum,FALSE,,
Kududūnum,FALSE,,
Kuduna,FALSE,Ku-du-na,
Kudupiš,FALSE,ku-du-pì-iš,
Kudur-ilī,FALSE,Ku-du-ur-ì-lí; Ku-du-ri-ì-lí,
Kuedar,FALSE,ku-e-da-ar,
Kuetar,TRUE,Ku-e-da-ar,
Kuetar,TRUE,ku-e-ta-ar,
Kukatum,FALSE,,
Kukinum,FALSE,Ku-ki-nim,
Kukkulānum,FALSE,Ku-ku-lá-nim,
Kukkulli,FALSE,Ku-ku-ni,
Kukkullia,FALSE,Ku-ku-li-a,
Kuklu,FALSE,Ku-uk-lu,
Kukra,FALSE,Ku-uk-ra,
Kukran,FALSE,Ku-uk-ra-an,
Kuku,TRUE,Ku-ku-ú,
Kuku,TRUE,Ku-ku; Ku-ku-ú,
Kukū,FALSE,Ku-ku; Ku-ku-ú,
Kukua,FALSE,Ku-ku-a; Ku-ku-a-a; Ku-ku-wa; Ku-ku-ú-a,
Kukuanum,FALSE,Ku-ku-a-nim,
Kukui,FALSE,Ku-ku-i,
Kukulani,FALSE,ku-ku-lá-ni,
Kukulanum,FALSE,,
Kukulia,FALSE,,
Kukum,FALSE,,
Kukunaya,FALSE,,
Kukuni,FALSE,,
Kukunum,FALSE,,
Kukuranum,FALSE,Ku-ku-ra-nim,
Kukurum,FALSE,Ku-ku-ri-im,
Kukuzānum,FALSE,Ku-ku-za-nim,
Kukuzi,FALSE,Ku-ku-zi,
Kukuzia,FALSE,Ku-ku-zi-a,
Kula,TRUE,ku-lá,
Kula,TRUE,Ku-lá/la,
Kulakāya,FALSE,,
Kulakula,FALSE,Ku-lá-ku-lá,
Kulali,FALSE,ku-lá-li,
Kulami,FALSE,Ku-la-me,
Kulana,FALSE,ku-lá-na,
Kulanahšu,FALSE,ku-la-na-ah-šu,
Kulanahšušar,FALSE,Ku-lá-na-ah-šu-šar,
Kulanala,FALSE,Ku-lá-na-lá,
Kulbānum,FALSE,Ku-ul-ba-num,
Kulia,FALSE,Ku-li-a,
Kulialum,FALSE,Ku-li-a-li[m],
Kulila,FALSE,Ku-li-lá,
Kulili,FALSE,Ku-li-li,
Kuliza,TRUE,Ku-li-za,
Kuliza,TRUE,ku-li[-za],
Kuliza,TRUE,ku-li[-za]; ku-li-za,
Kulkuli,FALSE,ku-ul-ku-li,
Kulkulia,TRUE,ku-ul-ku-li-a,
Kulkulia,TRUE,Ku-ul-ku-li; Ku-ul-ku-li-a,
Kulla,FALSE,Ku-lá/la,
Kulmakulma,FALSE,Ku-ul-ma-ku-ul-ma,
Kulmānum,FALSE,,
Kulšan,TRUE,Ku-ul-ša-an,
Kulšan,TRUE,ku-ul-ša-ta-áš; ku-ul-ša-an,
Kulšata,FALSE,Ku-ul-ša-ta-áš; Ku-ul-ša-an,
Kulšataš,FALSE,ku-ul-ša-ta-áš,
Kulšawašhe,FALSE,Ku-ul-ša-wa-áš-he-e,
Kulšawašhi,FALSE,ku-al-ša-wa-áš-hi,
Kulšum,FALSE,Ku-ul-šu-um,
Kulu,FALSE,Ku-lu; Ku-lu-ú,
Kulua,FALSE,,
Kuluba,FALSE,Ku-lu-ba-a,
Kuluka,FALSE,Ku-lu-ga-a,
Kulukaya,FALSE,,
Kuluki,FALSE,Ku-lu-ki,
Kuluklu,FALSE,Ku-lu-uk-lu,
Kululu,FALSE,Ku-lu-lu,
Kuluman,FALSE,Ku-lu-ma-an; ku-lu-m[a-an],
Kulumaya,FALSE,,
Kulumāya,TRUE,Ku-lu-ma-a,
Kulumāya,TRUE,Ku-lu-ma-a; Ku-lu-ma-a-a; Ku-lu-ma,
Kulumum,TRUE,Ku-lu-mì-im,
Kulumum,TRUE,Ku-lu-mu-um; Ku-lu-mì-im,
Kuluna,FALSE,,
Kulunahšu,FALSE,Ku-lu-na-ah-šu,
Kuluwa,FALSE,Ku-lu-wa; Ku-lu-a,
Kulzia,FALSE,ku-ul-zi-a,
Kulziar,TRUE,ku-ul-zi-a-ar,
Kulziar,TRUE,Ku-ul-zi-ar; Ku-ul-zi-a-ar,
Kumazi,FALSE,ku-ma-zi,
Kumim,FALSE,,
Kummum,FALSE,,
Kumru,FALSE,,
Kūn-ilum,FALSE,Ku-ni-li; Ku-ni-lim,
Kunana,FALSE,,
Kunanaya,FALSE,,
Kunani,FALSE,Ku-na-ni,
Kunania,TRUE,ku-na-ni-a,
Kunania,TRUE,Ku-na-ni-a; el. kunnan,
Kunanili,FALSE,Ku-na-ni-li,
Kunaya,FALSE,Ku-na-a; Ku-na-a-a,
Kūnāya,FALSE,,
Kuni,FALSE,Ku-ni,
Kunila,FALSE,Ku-ni-la,
Kunili,FALSE,,
Kunilum,FALSE,,
Kuninahšušar,FALSE,ku-ni-na-ah-šu-ša-ar,
Kuninum,FALSE,,
Kuniš,FALSE,,
Kunnana,FALSE,Ku-na-na,
Kunnaniya,FALSE,,
Kunnaya,FALSE,,
Kunnāya,FALSE,,
Kunua,FALSE,Ku-nu-a,
Kunuan,FALSE,Ku-nu-an; Ku-nu-wa-an,
Kunuat,FALSE,Ku-nu-at,
Kunudahšu,FALSE,Ku-nu-da-ah-šu,
Kununizi,FALSE,,
Kununu,FALSE,Ku-nu-nu,
Kununum,FALSE,,
Kunutahšu,FALSE,ku-nu-ta-ah-šu,
Kunuwa,TRUE,ku-nu-wa,
Kunuwa,TRUE,ku-nu-wa; ku-nu-a,
Kunuwan,FALSE,ku-nu-wa-an; ku-nu-wa-an!,
Kunzat,FALSE,Ku-un-za-at,
kupiari,FALSE,[k]u-pì-a-ri,
Kupiat,FALSE,Ku-pí-at,
Kupida,FALSE,Ku-pì-da-a,
Kupidahšu,TRUE,Ku-pí-da-ah-šu,
Kupidahšu,TRUE,ku-pì-da-ah-šu,
Kupinahšu,FALSE,Ku-pì-i-na-ah-šu,
Kupita,FALSE,Ku-pì-ta,
Kupitia,FALSE,Ku-pí-tí-a,
Kuppidahšu,FALSE,,
Kupunahšu,FALSE,Ku-pu-na-ah-šu,
Kur-ub-ÌR,FALSE,,
Kura,TRUE,Ku-ra,
Kura,TRUE,Ku-ra; Ku-ra-a,
Kura-<gap>,FALSE,ku-ra-<gap>,
Kurar[a],FALSE,ku-ra-r[a],
Kurara,FALSE,ku-ra-ra,
Kurari,FALSE,Ku-ra-ri,
Kurašmiš,FALSE,ku-ra-áš-mì-iš,
Kuraya,FALSE,Ku-ra-a,
Kurāya,FALSE,Ku-ra-a,
Kuraya; Kura,FALSE,Ku-ra-a,
Kurbana,FALSE,,
Kurbaya,FALSE,,
Kurbāya,FALSE,Ku-ur-ba-a; Ku-ur-ba-a-a,
Kurbi,FALSE,,
Kurbi-ištar,FALSE,kur-bi4-ištar,
Kurbia,FALSE,,
Kurdaša,FALSE,Ku-ur-da-ša,
Kurduba,TRUE,ku-ur-du-ba,
Kurduba,TRUE,Ku-ur-du-pá,
Kurgaziba,FALSE,,
Kuri,FALSE,Ku-ri,
Kuria,FALSE,Ku-ri-a,
Kuriba,FALSE,Ku-ri-pá,
Kurira,FALSE,,
Kurka,TRUE,ku-ur-kà,
Kurka,TRUE,ku-ur-kà-a,
Kurkasiba,FALSE,Ku-ur-kà-sí-pá; Kur-kà-sí-pá,
Kurkāya,FALSE,,
Kurkazipa,TRUE,ku-ur-kà-zi-pá,
Kurkazipa,TRUE,kur-kà-zi-pá,
Kurku,FALSE,,
Kurkudānum,FALSE,Ku-ur-ku-da-num,
Kurkur,FALSE,Ku-ur-ku-ur; Kur-kur,
Kurkura,TRUE,Ku-ur-ku-ra,
Kurkura,TRUE,kur-ku-ra,
Kurkurānum,FALSE,Ku-ur-ku-ra-num; Ku-ur-ku-ra-nam,
Kurkuri,FALSE,ku-ur-ku-ri,
Kurkuria,FALSE,Ku-ur-ku-ri-a,
Kurkurum,FALSE,,
Kurmala,TRUE,ku-ur-ma-lá,
Kurmala,TRUE,Ku-ur-ma-lá; Ku-ru-ma-lá,
Kurpali-<gap>,FALSE,ku-ur-pá-li[-x],
Kurpalia,FALSE,Ku-ur-pá-li-[x],
Kurpana,FALSE,Ku-ur-pá-na,
Kurpatal,FALSE,Ku-ur-pá-tal,
Kurša,FALSE,Ku-ur-ša,
Kursi,FALSE,,
Kursia,FALSE,,
Kurta,FALSE,ku-ur-ta,
Kuru,FALSE,,
Kurub-Adad,FALSE,kur-ub-{d}IŠKUR,
Kurub-Aššur,FALSE,Kur-ba-A-šur,
Kurub-ilī,FALSE,Ku-ur-bi4-li,
Kurub-Ištar,FALSE,Ku-ru-ub-Ištar; Kur-ub-,
Kurub-Suen,FALSE,Ku-ru-ub-Sú-en6,
Kurubiš,FALSE,Ku-ru-pí-iš,
Kurukura,FALSE,,
Kurukuru,FALSE,ku-ru-ku-ru,
Kururatum,FALSE,Ku-ru-ra-tim,
Kururu,FALSE,ku-ru-ru,
Kurzana,FALSE,Kur-za-na,
Kurziar,FALSE,Ku-ur-zi-a-ar,
Kusa,FALSE,Ku-sá-a; Ku-za,
Kuša,FALSE,Ku-ša-a; Gu-ša-a,
Kušadi,FALSE,Ku-ša-dí,
Kušam,FALSE,,
Kušara,FALSE,Ku-ša-ra,
Kusari,FALSE,,
Kusaru,FALSE,ku-sà-ri-im,
Kusatia,FALSE,,
Kusātīya,FALSE,,
Kusatum,FALSE,Ku-sá-tum,
Kusilānum,FALSE,,
Kuškānum,FALSE,Ku-uš-kà-nim,
Kuskusum,FALSE,Ku-us-ku-sú-um; Ku-úš-ku-sú-um; Ku-ús-ku-sí-im; Ku-us-ku-sí,
Kušuh-atal,FALSE,Ku-šu-ùh-a-tal,
Kušuman,TRUE,Ku-šu-ma-an,
Kušuman,TRUE,ku!-šu-ma-an,
Kuta,FALSE,Ku-ta,
Kutalba,FALSE,,
Kutallānum,FALSE,,
Kutaya,FALSE,,
Kutāya,TRUE,Ku-da-a,
Kutāya,TRUE,Ku-ta-a; Ku-ta-a-a; Ku-da-a,
Kutbakānum,FALSE,Ku-ut-ba-kà-nim,
Kutbatanu,FALSE,,
Kutina,FALSE,,
Kutkuta,FALSE,,
Kutubiš,FALSE,Ku-tù-pí-iš,
Kuwa,FALSE,Ku-a-a,
Kuwadar,TRUE,ku-wa-da-ar,
Kuwadar,TRUE,Ku-wa-da-ar; Ku-wa-dar,
Kuwatar,FALSE,ku-wa-tár,
Kuya,FALSE,,
Kuza-<big_gap>,FALSE,,
Kuzadia,FALSE,Ku-za-tí-a,
Kuzalliya,FALSE,,
Kuzallum,FALSE,,
Kuzanum,FALSE,Ku-za-num,
Kuzari,FALSE,Ku-za-ri,
Kuzatia,FALSE,,
Kuzāya,FALSE,Ku-za-a-a,
Kuzaza,FALSE,ku-za-za,
Kuzazum,FALSE,Ku-za-zu-um; Ku-za-zi-im; Ku-za-zi,
Kuzi,FALSE,Ku-zi; Ku-zi-i,
Kuzia,FALSE,Ku-zi-a,
Kuziladi,FALSE,,
Kuzilanum,FALSE,,
Kuzilānum,FALSE,Ku-zi-lá-num,
Kuzilazu,FALSE,,
Kuzini,FALSE,,
Kuzirum,FALSE,,
Kuzizi,FALSE,Ku-zi-zi,
Kuzizia,TRUE,Ku-zi-zi-a,
Kuzizia,TRUE,Ku-zi-zi-a; Ku-zi-zi-a-a; Ku-za-zi-a; Ku-zu-zi-a,
Kuziziya,FALSE,,
Kuzkuzum,FALSE,,
Kuzu,FALSE,Ku-zu; Ku-zu-ú,
Kuzub-ili,FALSE,Ku-zu-bi4-lí,
Kuzubira,FALSE,Ku-zu-pí-ra; Ku-zu-up-ra,
Kuzubra,FALSE,,
Kuzum,FALSE,Ku-zu-um; Ku-zi-im; Ku-za-am,
Kuzuzārum,FALSE,Ku-zu-za-ri-im,
Kuzuzum,FALSE,Ku-zu-zi-im,
Kuzzuzirum,FALSE,,
Lā-iddinaššu,FALSE,Lá-i-dí-na-šu,
Lā-kēna-Aššur,FALSE,,
La-qep,FALSE,Lá-qé-pu-um,
Lā-qēp,FALSE,Lá-qé-pu-um,
Lā-qēpum,FALSE,Lá-qé-pu-um,
Labadanika,TRUE,La-ba-da-ni-ga,
Labadanika,TRUE,la!-ba!-da-ni-kà,
Laban-nada,FALSE,,
Laban-nādā,FALSE,Lá-ba-na-da,
Laban-šar-ilāni,FALSE,lá-ba-an-LUGAL.DINGIR.MEŠ-ni,
Labar,FALSE,La-ba-ar,
Labarnaš,TRUE,la-[ba]-ar-na-áš,
Labarnaš,TRUE,la-ba-ar-na-áš,
Labarša,TRUE,Lá-ba-ar-ša; La/Lá-bar-ša,
Labarša,TRUE,lá-bar-š[a],
Labarša,TRUE,lá-bar-ša,
Labašti,FALSE,La-ba-áš-tí,
Labirum,FALSE,Lá-bi-ri-im,
Labuna,FALSE,la-bu-na,
Ladia,FALSE,Lá-dí-a,
Ladušama,FALSE,lá-du-ša-ma,
Lahanum,FALSE,Lá-ha-nim,
Laharša,FALSE,lá-ha-ar-ša,
Lahrahšu,FALSE,la-ah-ra-ah-šu,
Lahrawana,FALSE,[L]á-ah-ra-wa-na,
Lahuma,FALSE,Lá-hu-ma,
Lahurahšu,FALSE,lá!-hu-ra-ah-šu,
Lahuriša,FALSE,Lá-hu-ri-ša,
Lahutahšu,FALSE,lá!-hu-ra-ah-šu,
Laila,FALSE,Lá-i-lá,
Lakan,TRUE,lá-kà-an,
Lakan,TRUE,Lá-kà-an; Lá-kà-ni,
Lakimiša,FALSE,,
Laknanhašušar,FALSE,Lá-ak-na-an-ha-šu-ša-ar,
Laknašu,FALSE,Lá-ak-na-šu,
Lala,FALSE,Lá-lá,
Lalaiš,FALSE,la-la-iš,
Lali,FALSE,la-lí,
Lalia,FALSE,Lá-li-a,
Laluku-<gap>,FALSE,La-lu-ku-<gap>,
Lalum,FALSE,,
Lalūm,FALSE,,
Lālum,FALSE,Lá-lu-um; Lá/La-li-im,
Lama-<big_gap>,FALSE,lá-ma-<big_gap>,
Lamasi,FALSE,lá-ma-sí,
Lamašša,FALSE,,
Lamassatum,FALSE,Lá-ma-sà-tum; Lá-ma-sà-tim; Lá-ma-sú-tum,
Lamassi,FALSE,,
Lamassī,FALSE,lá-ma-sí,
Lamni’ānum,FALSE,,
Lani,FALSE,La-ni,
Lanurum,FALSE,Lá-nu-ri-im,
Laparša,FALSE,lá-pá-ar-ša,
Lapuna,FALSE,Lá-pu-na,
Laqep,FALSE,Lá-qé-ep,
Laqepu,FALSE,lá-qé-pu,
Laqepum,FALSE,lá-qé-pu-um,
Lara,FALSE,La-ra,
Larabum,FALSE,La-ra-be-im,
Larahšu,FALSE,Lá-ra-a-ah-šu,
Larām-Suen,FALSE,Lá-ra-am-,
Laramzu,FALSE,,
Larša,FALSE,Lá-ar-ša; la-ar-ša,
Larta,FALSE,lá-ar-ta,
Latarak,FALSE,Lá-ta-ra-ak,
Lataya,FALSE,,
Latušama,FALSE,,
Lawaduman,TRUE,lá-wa-du-ma-an,
Lawaduman,TRUE,Lá-wa-du-ma-an; Lu-wa-du-ma-an,
Lawaša,FALSE,Lá-wa-ša,
Lawatuman,FALSE,,
Lēdiš-Ištar,FALSE,Li-dí-iš-Ištar,
Li-ba-a,FALSE,Li-ba-a,
Li-be-za-an-na-na-e,FALSE,Li-be-za-an-na-na-e,
Li-li,FALSE,Li-li,
Liba,FALSE,,
Libaya,FALSE,,
Libāya,FALSE,Li-ba-a; Li-ba-a-a,
Libbaya,FALSE,,
Libbi-Ištar,FALSE,li-bi-IŠTAR,
Libūr-bēlī,FALSE,,
Libūr-kittum,FALSE,Li-bur-ki-tám,
Liburzani,FALSE,Li-bu-ur-za-ni; Li-bur-za-ni,
Lihšuman,FALSE,Li-ih-šu-ma-an,
Lihšušar,FALSE,Li-ih-šu-šar,
Likidiar,TRUE,li-ki-dí-a-ar,
Likidiar,TRUE,Li-ki-tí-a-ar,
Likum,FALSE,,
Lila,FALSE,Li-lá; Li-la; Li-lá-a,
Lili,FALSE,Li-li,
Lilia,FALSE,Li-li-a,
Liliwašhi,FALSE,Li-li-wa-áš-hi,
Lilušum,FALSE,Li-lu-ší-im,
Lim-mēšar,FALSE,li-im-me-ša-ar,
Limad-Ištar,FALSE,Li-ma-dí-Ištar,
Limišar,FALSE,Li-me-ša-ar,
Lipa’a,FALSE,Li-pá-a,
Lipaya,FALSE,,
Lipit-Anim,FALSE,,
Lipit-Anum,FALSE,Li-ip-ta-num; Li-ip-ta-ni,
Lipit-Aššur,FALSE,li-pí-it-a-šur,
Lipit-Ištar,FALSE,Li-pí/pì-it/tí-; Li-ip-tí-Ištar ; Li-pí-Ištar,
Liptanum,FALSE,,
Lišailwa,FALSE,li-ša-il5-wa,
Lišamawa,FALSE,li-ša-ma-wa,
Lišapawa,FALSE,Li-ša-ba/zu-wa,
Liušum,FALSE,Li-ú-ší-im,
Liwarti,FALSE,Li-wa-ar-tí,
Lu-du-na-ni,FALSE,,
Lu-ha-ta-hu-ni,FALSE,,
Lu-lu,FALSE,,
Lu-ur-me-a,FALSE,,
Luapiš,FALSE,lu-a-pì-iš; lu-a-pí-iš,
Lubi,FALSE,,
Luhaduman,FALSE,Lu-ha-du-ma-an; Lu-hu-du-ma-an,
Luhatuman,FALSE,lu-ha-tù-ma-an,
Luhrahšu,TRUE,lu-úh-ra-ah-šu,
Luhrahšu,TRUE,lu-ùh-ra-ah-šu,
Luhrahšu,TRUE,Lu-ùh-ra-ah-šu; Lá-ah-ra-ah-šu; Lá-hu-ra-ah-šu,
Luhrawana,FALSE,,
Luhusatia,FALSE,lu-hu-sà-tí-a,
Luhuzattiya,FALSE,,
Luhzuba,FALSE,Lu-ùh-zu-pá,
Lukalaku,FALSE,Lu-gal-a-ku,
Lula,FALSE,Lu-lá-a,
Lulāya,FALSE,,
Lulim,FALSE,,
Lulu,TRUE,Lu-lu,
Lulu,TRUE,Lu-lu-ú,
Lulu,TRUE,Lu-lu; Lu-ú-lu; Lu-lu-ú; Lu-li-im,
Lulu,TRUE,lu-ú-lu; lu-lu-ú; lu-lu,
Lulua,FALSE,lu-lu-am,
Luluanum,FALSE,,
Lumnini,FALSE,Lu-um-ni-ni,
Lupi,FALSE,Lu-pì,
Lurabaku,FALSE,lu-ra-ba-ku,
Lurmea,FALSE,lu-ur-me-a,
Lurmia,TRUE,lu-u[r-mì-a],
Lurmia,TRUE,Lu-ur-me-a,
Lušarihu,FALSE,Lu-ša-ri-hu,
Lušidia,FALSE,Lu-ší-tí-a; Lu-šu-tí-a,
Lušnani,FALSE,Lu-uš-na-ni,
Lušu,FALSE,Lu-šu,
Lušudia,FALSE,lu-šu-dí-a,
Luwaduman,FALSE,lu-wa-tù-ma-an,
Luwatuman,FALSE,lu-wa-tù-ma-an,
Luzi,FALSE,Lu-zi; Lu-zi-i,
Luzia,FALSE,lu-zi-a,
Luzina,TRUE,Lu-zi-na,
Luzina,TRUE,Lu-zi-na; Lú-zi-na,
Ma-da-a,FALSE,,
Ma-du-a,FALSE,,
Ma-ga,FALSE,,
Ma-na,FALSE,,
Ma-ni-a-a,FALSE,,
Ma-nu-a,FALSE,,
Ma-nu-ba,FALSE,,
Ma-nu-um-ba,FALSE,,
Ma-nu-um-ki-a,FALSE,,
Ma-nu-um-na,FALSE,,
Ma-num,FALSE,,
Ma-num-ki-e-NIa,FALSE,,
Ma-ú-ma,FALSE,,
Ma-za-a,FALSE,,
Madada,FALSE,Ma-da-da,
Madaium,FALSE,,
Madala,FALSE,Ma-da-lá-a,
Madalāya,FALSE,,
Madamada,FALSE,ma-da-ma-da,
Madawada,FALSE,Ma-da-wa-da; Ma-ta-wa-ta,
Madawašhi,FALSE,Ma-da-wa-áš-hi,
Madāya,FALSE,Ma-da-a,
Madu,FALSE,ma-du,
Maduba,FALSE,Ma-du-ba-a,
Madubaya,FALSE,,
Mahai,FALSE,,
Mahira,FALSE,Ma-hi-ra,
Mahirahšu,FALSE,Ma-hi-ra-ah-šu,
Mahši,FALSE,ma-ah-ší,
Mahšišabunua,FALSE,Ma-ah-ší-ša-pu-nu-a,
Mahšišapunua,FALSE,ma-ah-ší-ša-pu-nu-a,
Mahuši,FALSE,Ma-hu-ší,
Maka,FALSE,ma-kà,
Makanaka,FALSE,Ma-kà-na-kà,
Makanika,FALSE,Ma-kà-ni-kà,
Makrua,FALSE,Ma-ak-ru-a,
Makula,FALSE,,
Mala,FALSE,Ma-lá-áš,
Malaba,FALSE,Ma-lá-ba,
Malāhum,FALSE,,
Malaiša,FALSE,Ma-lá-i-ša,
Malanani,FALSE,Ma-lá-na-ni,
Malaš,FALSE,ma-lá-áš,
Malašhina,FALSE,ma-lá-áš-hi-na,
Malawahši,FALSE,,
Malawala,FALSE,Ma-lá-wa-lá,
Malawašhi,TRUE,ma-lá-wa-áš-hi,
Malawašhi,TRUE,Ma-lá-wa-áš-hi; Ma-lá-wa-áš-he-e,
Malawašhi,TRUE,ma-lá-wa[-áš-hi],
Malawašhina,FALSE,Ma-lá-wa-áš-hi-na,
Malāya,FALSE,Ma-la-a-a,
Malia,FALSE,ma-li-a,
Malik-ennam,FALSE,,
Malik-ilšu,FALSE,Ma-lik-DINGIR-šu; Ma-li-ki-ili5-šu,
Malik-kēn,FALSE,Ma-lik-ki-in,
Maliniwašhe,FALSE,ma-li-ni-wa-àš-he,
Maliniwašhi,FALSE,ma-li-ni-wa-áš-hi,
Malitili,FALSE,Ma-li-tí-il5,
Maliwahši,FALSE,ma-li-wa-ah-ší,
Malkum-Išar,FALSE,Ma-al-ku-um-i-šar,
Malšawašhi,FALSE,ma-al-ša-wa-áš-hi,
Malua,FALSE,Ma-lu-a,
Malui,FALSE,ma-lu-i,
Mama,FALSE,,
Mamaim,FALSE,,
Mamala,FALSE,Ma-ma-lá,
Mamana,FALSE,Ma-ma-na,
Mamaruwadia,FALSE,Ma-ma-ru-wi-tí-a,
Mamaruwatia,FALSE,ma-ma-ru-wa-tí-a,
Mamaya,FALSE,,
Mammahir,FALSE,,
Man-māhir,FALSE,Ma-ma-hi-ir,
Mana,FALSE,ma-na,
Manakiliad,FALSE,ma-na-ki-li-ad,
Manamana,FALSE,Ma-na-ma-na,
Manana,FALSE,Ma-na-na,
Manatanum,FALSE,,
Mania,FALSE,Ma-ni-a,
Mannu-ki-Aššur,FALSE,,
Mannua,TRUE,Ma-nu-a,
Mannua,TRUE,Ma-nu-a; Ma-nu-ú-a,
Mannuba,FALSE,Ma-nu-ba,
Mannuka,FALSE,Ma-nu-ga-a,
Mannukia,FALSE,Ma-nu-ki-a,
Mannum,FALSE,ma-num,
Mannum-Aššur,FALSE,ma-num-a-šur,
Mannum-balum-Ana,FALSE,,
Mannum-balum-Aššur,TRUE,Ma-nu-um-ba-lu-um-A-šùr,
Mannum-balum-Aššur,TRUE,ma-num-ba-lúm-a-šùr,
Mannum-balum-ilī,FALSE,,
Mannum-balum-ilim,FALSE,Ma-num-ba-lúm-i-li; -DINGIR,
Mannum-ilušu,FALSE,ma-num-ì-lí-šu,
Mannum-kī-abia,FALSE,,
Mannum-kī-Adad,FALSE,Ma-nu-um-ki-{d}IM; Ma-num-ki-{d}IM; Ma-nu-ki-{d}IM,
Mannum-kī-Addu,FALSE,,
Mannum-ki-Aššur,FALSE,,
Mannum-kī-Aššur,TRUE,Ma-nu-ki-A-šùr,
Mannum-kī-Aššur,TRUE,Ma-nu-um-ki-A-šùr; Ma-nu-ki-A-šùr,
Mannum-ki-eNIa,FALSE,Ma-nu-ki-e-ni-<a>,
Mannum-kī-eniya,FALSE,Ma-nu-ki-e-ni-<a>,
Mannum-kī-ilia,FALSE,Ma-nu-um-ki-i-ì-lí-a; Ma-nu-um-ki-li-a,
Mannum-kī-Ištar,FALSE,Ma-nu-ki-Ištar,
Mannum-kī-šuru-matēn,FALSE,,
Mannum-ša-Aššur,FALSE,ma-nu-ša-a-šur,
Mannum-šāniša,FALSE,Ma-nu-ša-ni-ša,
Mannum-šumšu,FALSE,Ma-num-šu-um-šu,
Mannumma,FALSE,,
Mannušāya,FALSE,,
Manu,FALSE,,
Manua,FALSE,,
Manuba,FALSE,ma-nu-ba,
Manukai,FALSE,ma-nu-kà-i,
Manukāya,FALSE,,
Manum,FALSE,Ma-na-ta-num,
Manuša,FALSE,Ma-nu-ša-a,
Manza,FALSE,ma-an-za,
Mār-Laban,FALSE,Ma-ar-lá-ba-an,
Mara,FALSE,ma-ra,
Mardaman,FALSE,ma-ar-da-ma-an,
Mardia,FALSE,Mar-tí-a,
Marila,FALSE,Ma-ri-lá,
Marithum,FALSE,,
Mariuman,FALSE,ma-ri-ú-ma-an,
Markuti,FALSE,ma-ar-ku-tí,
Maršana,FALSE,Ma-ar-ša-na,
Maršatia,FALSE,Ma-ar-ša-tí-a,
Martīya,FALSE,,
Maru,FALSE,Ma-ru-ú; Ma-ru,
Maruru,FALSE,Ma-ru-ru,
Marušala,FALSE,Ma-ru-ša-lá,
Masa,FALSE,,
Mašala,FALSE,Ma-ša-lá,
Masaya,FALSE,,
Mašhi-ilī,FALSE,,
Maši,FALSE,ma-ší,
Maṣi-Aššur,FALSE,ma-sá-a-šur,
Maṣi-bēlī,FALSE,Ma-ṣí-be-lí,
Maṣi-ili,FALSE,ma-ṣí-ì-lí,
Maṣi-ilī,FALSE,Ma-ṣí-ì-lí,
Maṣi-lā-šar,FALSE,ma-ṣí-lá-ša-ar,
Maṣī-lašar,FALSE,,
Maṣia,FALSE,Ma-ṣí-a,
Mašid,FALSE,Ma-ší-it,
Maših-ilī,FALSE,Ma-áš-hi-li; Ma-áš-hi-ì-lí,
Mašika,FALSE,ma-ší-kà,
Mašinawada,FALSE,,
Mašit,FALSE,ma-ší-it,
Massa-Aššur,FALSE,Ma-sá-A-šur; Ma-sà-A-šur/šùr,
Massatum,FALSE,,
Massāya,FALSE,,
Mat-Aššur,FALSE,Ma-at!-A-šur,
Mata,FALSE,Ma-ta,
Matadu,TRUE,ma-ta-du,
Matadu,TRUE,Ma-ta-du; Ma-ta-du-ú,
Matatu,FALSE,,
Mawašhi,FALSE,Ma-wa-áš-hi,
Mayaba,FALSE,ma-a-ba,
Maza,TRUE,ma-za-a,
Maza,TRUE,Ma-za; Ma-za-a,
Mazāya,FALSE,,
Mazaza,FALSE,Ma-za-za,
Mazilabum,FALSE,Ma-zi-lá-be-im 94/k,
Mazilašar,FALSE,Ma-zi-lá-ša-ar; Ma-zi-lá-a-šar,
Mazilazu,FALSE,Ku!-zi-lá-zu,
Me-sà,FALSE,,
Me'i,FALSE,me-i,
Mea,FALSE,me-a,
Meani,FALSE,me-a-ni,
Meari,FALSE,me-a-ri,
Mei,FALSE,me-i,
Meimit,FALSE,me-i-mì-it,
Meme,FALSE,me-me,
Meme-ibri,FALSE,,
Memeber,FALSE,Me-me-be-er; Me-me-eb-ri,
Menānum,FALSE,,
Menaya,FALSE,,
Meni,FALSE,me-ni,
Mer’e,FALSE,,
Mera-ilī,FALSE,me-ra-lí,
Mera-Šamaš,FALSE,me-ra-{d}UTU,
Meralī,FALSE,,
Merani,FALSE,,
Mērānu,FALSE,Me-ra-ni,
Mesalim,FALSE,Me-sá-lim,
Mia,FALSE,Me-a,
Miani,FALSE,Me-a-ni,
Miari,FALSE,Me-a-ri,
Midia,FALSE,,
Migir-Enlil,FALSE,mì-gi5-ir-{d}EN.LÍL,
Milikša,FALSE,Me-lik-ša,
Mimi,FALSE,Me-me,
Mimia,FALSE,Me-me-a,
Mimibir,FALSE,,
Mimibri,FALSE,,
Mimid,FALSE,Me-i-me-it,
Miminānum,FALSE,Me-me-na-nim,
Mimipir,FALSE,mì-mì-be-ir,
Minaba,FALSE,,
Minānum,FALSE,Me-na-num; Me-en-na-nim,
Mini,FALSE,Me-ni,
Minnāya,FALSE,Me-na-a; Me-in-na-a-a,
Minuzilka,FALSE,Me-nu-zi-el-kà,
Mīšar-rabi,TRUE,Mì-šar-GAL; Mì-šu-GAL,
Mīšar-rabi,TRUE,Mì-šu-GAL,
Mišmiš,FALSE,Me-i-iš-mì-iš,
Mišnahšu,TRUE,Me-iš-na-ah-šu,
Mišnahšu,TRUE,mì-iš-na-ah-šu,
Miššu-ahi,FALSE,,
Mišu-rabi,FALSE,,
Mīšu-rabi,FALSE,,
Mišum-rabi,FALSE,,
Miti,FALSE,,
Mitia,FALSE,Me-tí-a,
Mizini,FALSE,Me-zi-ni; Be-zi-ni,
Mu-šu-wa,FALSE,,
Muadi,FALSE,Mu-a-tí,
Muana,FALSE,mu-a-na,
Muanani,FALSE,mu-a-na-ni,
Muanika,FALSE,mu-a-ni-kà,
Muati,FALSE,mu-a-tí,
Muballiṭum,FALSE,,
Mudalia,FALSE,Mu-da-li-a,
Muhaddium,FALSE,,
Mukulu,FALSE,mu-ku-lu,
Mula,FALSE,Mu-lá,
Muliliašwa,FALSE,Mu-li-li-áš-wa,
Muliliašwe,FALSE,mu-li-li-áš-we,
Mulu,FALSE,Mu-lu,
Mulua,FALSE,Mu-lu-a,
Mumulānum,FALSE,,
Muna,FALSE,mu-na,
Munawwirum,FALSE,Mu-na-wi-ri-im,
Munikum,FALSE,Mu-ni-ki-im,
Munnabittum,FALSE,Mu-na-bi-tum,
Munua,FALSE,Mu-nu-a,
Mura,FALSE,Mu-ra-a,
Murāya,FALSE,,
Musa,FALSE,,
Mušmeni,FALSE,,
Mušmin[i],FALSE,Mu-uš-me-n[i,
Mutalia,FALSE,mu-tá-li-a,
Mutālum,FALSE,,
Mūtī-Aššur,FALSE,mu-tí-a-šur,
Mūtī-ilum,FALSE,Mu-tí-DINGIR,
Mutta,FALSE,Mu-ta,
Muwanani,FALSE,Mu-a-na-ni,
Muza,FALSE,Mu-za,
Muzu,FALSE,mu-zu,
Muzuwar,FALSE,Mu-zu-wa-ar,
N(iw)ahšušar,FALSE,na-ah-šu-ša-ra,
Na-na-ni,FALSE,Na-na-ni,
Na-ni-ba-dal,FALSE,,
Nab-ilī,FALSE,,
Nab-Suen,FALSE,,
Nabahum,TRUE,Na-pá-hi-e; Na-pá-hi-im,
Nabahum,TRUE,na-pá-hi-im,
Nabanata,FALSE,Na-ba-na-ta,
Nabarkum,FALSE,,
Nabi-Enlil,FALSE,Na-bi4-{d}EN.LÍL,
Nabi-ilīšu,FALSE,Na-be-li-šu,
Nabi-Suen,TRUE,Na-áb-Sú-en6,
Nabi-Suen,TRUE,na-áb-sú-en6-ma,
Nabidi,FALSE,na-ab-i-dí,
Nabilum,FALSE,Na-be-lim; Na-ab-DINGIR,
Nabium-qarrād,FALSE,{d}AK-UR.SAG,
Nabraka,FALSE,Na-ap-ra-kà,
Nabu,FALSE,na-bu,
Nabuku,TRUE,na-bu-ku,
Nabuku,TRUE,Na-bu-ku-ú; na-bu-ku,
Nadi-ilum,FALSE,,
Nadutal,FALSE,Na-du-ta-al,
Nah-<gap>-šanu,FALSE,na-a[h-x]-ša-nu,
Nahištum,FALSE,Na-hi-iš-tám,
Nahlia,FALSE,Na-ah-li-a,
Nahpašwa,FALSE,Na-ah-pá-áš-wa,
Nahšušara,FALSE,,
Nahuma,FALSE,Na-hu-ma,
Nakar,FALSE,na-kar,
Nakaršašu,FALSE,na-ka-ar-ša-šu,
Nakia,FALSE,na-ki-a,
Nakiahšan,TRUE,na-ah-<gap>-ša-nu,
Nakiahšan,TRUE,Na-ki-a-ah-ša-an,
Nakiahšu,TRUE,Na-ki-a-ah-šu,
Nakiahšu,TRUE,na-ki-ah-šu,
Nakialka,FALSE,na-ki-a-al-kà,
Nakibi,FALSE,na-ki-bi,
Nakidu,FALSE,,
Nakili,FALSE,na-ki-li,
Nakiliat,FALSE,Na-ki-li-a-at; Na-ki-li-it; na-ki-li-at; Na-ki-[li-at],
Nakilid,FALSE,,
Nakiliet,FALSE,na-ki-li-e-et,
Nakilit,TRUE,[na-]ki-li-it,
Nakilit,TRUE,na-ki-li-it,
Nakilwišma,FALSE,Na-ki-el-wi-iš-ma,
Nakilwišwa,FALSE,Na-ki-el-wi-iš-wa,
Nakilwišwe,FALSE,Na-ki-el-wi-iš-we,
Nakirgan,FALSE,,
Nakirkan,FALSE,Na-ki-ir-kà-an,
Nakirum,FALSE,,
Nakišduar,FALSE,,
Nakištuar,FALSE,na-ki-iš-tù-ar,
Nakištuwar,FALSE,Na-ki-iš-tù-ar; Na-ki-iš-tù-wa-ar,
Nakituar,FALSE,Na-ki-du-ar,
Nakiuman,FALSE,Na-ki-ú-ma-an,
Namazika,FALSE,ma-ma-zi-kà,
Namia,FALSE,Na-me-a,
Nana,FALSE,Na-na,
Nanā,FALSE,Na-na-a; na-na; na-na-ma; na-na-a-ma; na-na-a-a-ma; na-na-a; na-na-a-a,
Nanabi,FALSE,Na-na-bi,
Nanadi,FALSE,Na-na-di,
Nanahi,FALSE,Na-na-hi,
Nanali,FALSE,Na-na-li,
Nanapi,FALSE,Na-na-pí,
Nanaya,FALSE,Na-na; Na-na-a; Na-na-a-a,
Nanāya,FALSE,Na-na-a,
Nani,FALSE,Na-ni,
Nania,TRUE,Na-ni-a,
Nania,TRUE,Na-ni-a; Na-ni-a-a,
Nanibadal,FALSE,,
Nanip,FALSE,Na-ni-ip; Na-ni-pì-im,
Nanip-atal,FALSE,Na-ni-pá-tal,
Nanip-šarri,FALSE,Na-ni-ip-LUGAL,
Naniš,FALSE,Na-ni-iš,
Nanitim,FALSE,Na-ni-tim,
Naniya,FALSE,,
Napilani,FALSE,Na-pì-lá-ni,
Naplis,FALSE,Na-áp-li-is,
Naqidu,FALSE,na-ki-du,
Nāqidu,FALSE,Na-qí-du,
Narām-Adad,FALSE,,
Narām-Aššur,FALSE,,
Naram-Suen,FALSE,,
Narām-Suen,TRUE,Na-ra-am-ZU,
Narām-Suen,TRUE,Na-ra-am-ZU; Na-ra-ZU; Ni-ra-am-ZU,
Narāmtum,FALSE,Na-ra-am-tum,
Naraya,FALSE,,
Narbitum,FALSE,Na-ar-bi/bi4-tim,
Narbutum,FALSE,,
Narhi,FALSE,Na-ar-i-a; Na-ar-hi,
Naria,FALSE,na-ar-i-a,
Narku,FALSE,Na-ar-ku,
Narkubi,FALSE,,
Narmea,FALSE,,
Naru-bāni,FALSE,,
Nārum-bāni,FALSE,Na-ru-um-ba-ni,
Naruwa,FALSE,Na-ru-wa,
Našhar,FALSE,Na-áš-ha-ar-,
Našwaduman,FALSE,,
Nauna,FALSE,Na-ú-na,
Naunini,FALSE,na-ú-ni-ni,
Nawahšušar,FALSE,,
Nawašu,FALSE,na-wa-šu,
Nazi,FALSE,Na-zi; Na-zi-i 94/k 965; Na-zi-im,
Nazum,FALSE,,
Ni-na-ša-a,FALSE,Ni-na-ša-a,
Ni-zi-im,FALSE,Ni-zi-im,
Niakna,FALSE,,
Nībi-Ištar,FALSE,ni-bi-IŠTAR,
Nibum,FALSE,,
Nidadbu,FALSE,ni-da-ad-bu-ma,
Nidi,FALSE,ni-dí,
Nidi-bāni,FALSE,,
Nigan,FALSE,,
Nika,FALSE,Ni-ga,
Nikad,FALSE,Ni-ga-at,
Nikan,FALSE,Ni-ga-an,
Nikil[it],FALSE,ni-ki-l[i-it],
Nikiliad,FALSE,,
Nikiliat,FALSE,ni-ki-li-a-at,
Nikilid,FALSE,,
Nikilit,TRUE,[ni-ki-]li-it,
Nikilit,TRUE,ni-ki-li-it,
Nikituar,FALSE,ni-ki-tù-a-ar,
Nikma,FALSE,ni-ik-ma,
Nikna,FALSE,Ni-ik-na,
Nimahšu,FALSE,Ni-ma-ah-šu,
Nimahšušar,FALSE,ni-ma-ah-šu-ša-ar,
Nimar-Adad,FALSE,Ni-mar-{d}IM; Ni-im-ra-{d}IM; Ni-im-ri-im-{d}IM,
Nimar-Aššur,FALSE,ni-mar-a-šùr,
Nimar-Ištar,TRUE,Ni-ma-ar-Ištar; Ni-mar-Ištar; Ni-wa-ar-Ištar,
Nimar-Ištar,TRUE,Ni-mar-Ištar,
Nimar-Šarrum-māti,FALSE,Ni-mar-ša-ra-ma-tí,
Nimar-Suen,FALSE,Ni-mar-Sú-en6,
Nimar-Tašmētim,FALSE,,
Nimar-Tašmētum,FALSE,,
Nimašu,FALSE,Ni-ma-šu,
Nimāya,FALSE,Ni-ma-a,
Nimrim-Adad,FALSE,,
Ninala,FALSE,Ni-na-lá,
Ninali,FALSE,Ni-na-li,
Ninašša,FALSE,,
Nini,TRUE,Ni-ni,
Nini,TRUE,Ni-ni; Ni-ni-i,
Ninidin,FALSE,Ni-ni-dí-en 94/k 980,
Ninierar,FALSE,Ni-ni-e-ra-ar,
Ninirah,FALSE,Ni-ni-ra-ah reading,
Nirah-rabi,FALSE,,
Nirah-ṣulūlī,FALSE,Ni-ra-ah-ṣú-lu-li,
Niramtum,FALSE,Ni-ir-a-am-tum,
Niri,FALSE,Ni-ri,
Nisaba-mutabbil,FALSE,MUŠ-mu-ta-DAM,
Nišaršu,FALSE,Ni-ša-ar-šu,
Nišašar,FALSE,Ni-ša-šar,
Nišašue,FALSE,ni-iš-a-šu-e,
Nišašwe,FALSE,Ni-ša-áš-e/ú; Ni-iš-a-šu-e,
Nišu,FALSE,Ni-šu,
Nitatpu,FALSE,Ni-da-at-pu,
Niwadi,FALSE,,
Niwahšu,TRUE,Ni-ma-hu; ni-wa-ah-šu; né-wa-ah-šu; ni-ma-hu; ni-ma-ah-šu,
Niwahšu,TRUE,ni-wa-ah-šu,
Niwahšu,TRUE,Ni-wa-ah-šu; Ni-wa-šu,
Niwahšušar,TRUE,[ni-wa]-ah-šu-šar,
Niwahšušar,TRUE,Ni-wa-ah-šu-šar,
Niwala,FALSE,Ni-wa-lá,
Niwalka,FALSE,Ni-wa-al-kà,
Niwame,FALSE,ni-wa-me,
Niwaš,FALSE,Ni-wa-áš,
Niwašu,FALSE,ni-wa-šu,
Niwati,FALSE,Ni-wa-tí,
Nizim,FALSE,,
Nizuzu,FALSE,ni-zu-zu,
Nuā’um,FALSE,,
Nuan,FALSE,Nu-a-an,
Nuaum,FALSE,,
Nubar-šarri,FALSE,Nu-ba-ar-ša-ri-im; -ša-ri; -LUGAL,
Nubaršari,FALSE,,
Nudia,FALSE,nu-dí-a,
Nuhim,FALSE,Nu-hi-im,
Nuhšatum,TRUE,Nu-ùh-ša-tim,
Nuhšatum,TRUE,Nu-ùh-ša-tim; Nu-ùh-ší-tim,
Nuhšātum,FALSE,,
Num-Šamaš,FALSE,nu-um-{d}UTU,
Numhi,FALSE,Nu-um-hi,
Nunu,TRUE,Nu-nu,
Nunu,TRUE,Nu-nu; Nu-ú-nu; Nu-nu-ú,
Nunu,TRUE,nu-ú-nu,
Nunua,TRUE,Nu-nu-a,
Nunua,TRUE,Nu-nu-wa; nu-nu-a,
Nūr-ilī,FALSE,nu-ur-ì-lí,
Nūr-ilīšu,FALSE,,
Nur-Ištar,FALSE,,
Nūr-Ištar,FALSE,Nu-ur-Ištar,
Nūr-kī-ili,FALSE,,
Nur-Šamaš,FALSE,,
Nūr-Šamaš,FALSE,Nu-ur-{d}UTU,
Nur-Suen,FALSE,,
Nūr-Suen,TRUE,Nu-ur-Sú-en6; Nu-úr-Sú-en/en6; Nu-ur-ZU,
Nūr-Suen,TRUE,Nu-ur-ZU,
Nūratum,FALSE,,
Nurkānum,FALSE,Nu-ur-kà-num,
Nurkia,FALSE,Nu-ur-ki-a,
Nurkili,FALSE,Nu-ur-ki-li; Nu-ur-ki-DINGIR,
Nuwanuwa,FALSE,Nu-wa-nu-wa,
Nuwar-šarri,TRUE,nu-wa-ar-ša-ri,
Nuwar-šarri,TRUE,Nu-bur-LUGAL; nu-wa-ar-ša-ri; nu-ba-ar-ša-ri-im; nu-ba-ar-ša-ri; nu-ba-ar-LUGAL; nu-bar-LUGAL; nu-bar-ša-ri; nu-bur-LUGAL; nu-bar-LUGAL-ma; nu-war-LUGAL,
Nuwar-šarrum,FALSE,,
Pá-al-kà-ni-in,FALSE,Pá-al-kà-ni-in,
Pahulu,FALSE,Pá-hu-lu,
Paka,FALSE,Pá-kà-a,
Pakakun,FALSE,Pá-kà-ku-un,
Paki,FALSE,Pá-ki,
Paku,FALSE,Pá-ku-ú,
Pakua,FALSE,Pá-ku-a,
Pakulu,FALSE,,
Pakunum,FALSE,Ba-ku-nim,
Palanašwa,FALSE,Pá-la-a-na-áš-wa,
Palhazia,TRUE,pá-al-ha-zi-a,
Palhazia,TRUE,Pá-al-ha-zi-a; Pá-al-hu-ší-a,
Palhušia,FALSE,,
Palla,FALSE,Pá-la; Pá-lá; Pá-lá-a,
Palšeni,FALSE,Pá-al-šé-e-ni,
Palui,FALSE,Pá-lu-i,
Palumnimar,FALSE,Pá-lim-ni-mar,
Palupa,FALSE,Pá-lu-pá,
Pana,FALSE,Pá-na,
Panaka,FALSE,Pá-na-ga,
Panini,FALSE,Pá-ni-ni,
Panwašu,FALSE,Pá-an-wa-šu,
Papala,TRUE,pá-pá-lá,
Papala,TRUE,Pá-pá-lá; Pá-pá-lá-a,
Papalānum,FALSE,,
Papalum,FALSE,Pá-pá-li; Pá-pá-lim; Pá-pi-li,
Papan-tahe,FALSE,Pá-pá-an-ta/da-ah-e,
Paparšipala,FALSE,Pá-pá-ar-ší-pá-lá,
Papazua,FALSE,Pá-pá-zu-a,
Papiti,FALSE,Pá-pí-tí,
Pappilum,FALSE,Pá-pí/pì-lim/li-im,
Paqilānum,FALSE,,
Par-<big_gap>,FALSE,pá-a[r-...],
Parah-ilī,FALSE,Pár-hi-lí,
Paridia,FALSE,pá-ri-dí-a,
Paritia,FALSE,Pá-ri-tí-a,
Parka,FALSE,pár-kà,
Parkuia,FALSE,pá-ar-ku-i-a,
Parmia,FALSE,Bar-me-a; Ba-ri-me-a,
Paršamama,FALSE,pá-ar-ša-ma-ma-[an],
Paršamaman,FALSE,Pá-ar-ša-ma-ma-[an],
Partana,FALSE,Pá-ar-ta-na,
Paruawata,FALSE,pá-ru-a-wa-ta,
Paruka,FALSE,Pá-ru-kà,
Parupani,FALSE,Ba-ru-ba-ni,
Pārurtum,FALSE,Pá-ru-ur-tim,
Parwada,FALSE,,
Parwaliuman,FALSE,pa-ar-wa-li-u-ma-an,
Parwawa,FALSE,Pá-ru-a-wa,
Parwawanda,FALSE,Pár-wa-wa-an-da; Pá-ru-a-wa-ta,
Parwawaša,FALSE,pár-wa-wa-ša,
Paspasum,FALSE,Pá-as-pá-sà-am,
Patita,FALSE,Pá-tí-ta/da,
Patutu,FALSE,Pá-tù-tù,
Paya,FALSE,Pá-a,
Paziaššu,FALSE,Pá-zi-a-šu,
Paziašu,FALSE,pá-zi-a-šu,
Pazuzu,FALSE,pa-zu-zu,
Pelazia,FALSE,pè-lá-zi-a,
Pentia,FALSE,Pè-en-ti-a,
Perua,FALSE,,
Peruahšu,FALSE,pè-ru-a-ah-šu,
Peruali,FALSE,,
Perutahšu,FALSE,Pè-ru-ta-ah-šu,
Peruwa,TRUE,pè-ru-wa,
Peruwa,TRUE,pè-ru[-wa],
Peruwahšu,FALSE,pè-ru-wa-ah-šu,
Peruwaš-<gap>,FALSE,pè-ru-wa-áš-<gap>,
Peruwatar,FALSE,pè-ru-wa-tar,
Perwa,TRUE,pé-er-wa,
Perwa,TRUE,pé-r[u-a],
Perwa,TRUE,pé-ru-a,
Perwa,TRUE,pè-ru-a,
Perwa,TRUE,Pè-ru-a; Pí-ru-a; Pè-ru-wa; Pí-ru-wa; Pí-ir-wa; Pè-ru-wa-a,
Perwa,TRUE,pé-ru-w[a],
Perwa,TRUE,pé-ru-wa,
Perwa,TRUE,pè-ru-wa,
Perwa,TRUE,pè-ru-wa-a,
Perwa,TRUE,pé-ru-wa; [p]é-ru-wa; pé-r[u-wa]; pè-ru-wa,
Perwa,TRUE,pè-ru[-wa],
Perwahšati,FALSE,Pè-ru-wa-ah-ša-tí,
Perwahšu,TRUE,pè-er-wa-ah-šu,
Perwahšu,TRUE,Pè-ru-a-ah-šu; Pè-er-wa-ah-šu; Pè/Pé-ru-wa-ah-šu,
Perwahšu,TRUE,pè-ru-wa-ah-šu,
Perwahšu,TRUE,pè-ru-wa-ah[-šu],
Perwala,FALSE,be-ru-a-li-a,
Perwali,FALSE,Pé-ru-a-li,
Petianalka,FALSE,,
Pikula,FALSE,Pí-ku-lá,
Pikuša,FALSE,Pì-ku-ša,
Pikwar,FALSE,,
Pilah,FALSE,,
Pilah-Adad,FALSE,pi-la-ad-ad,
Pilah-Anum,FALSE,Pì-lá-ah-a-nu-um; Pì-lá-ha-num,
Pilah-Aššur,FALSE,Pí-lá-ah-A-šur; Pí-lá-ah-A-šùr,
Pilah-Aššur-bēlum,FALSE,Pì-la-ah-A-šur-be-lim,
Pilah-ili,FALSE,Pì-lá-ah-DINGIR,
Pilah-Ištar,TRUE,Pí-la-ah-Ištar,
Pilah-Ištar,TRUE,Pí-lá-ah-Ištar,
Pilah-Ištar,TRUE,Pì-lá-ah-Ištar,
Pilah-Ištar,TRUE,Pí-lá-ah-Ištar; Pì-la-ah-Ištar; Pí-la-ah-Ištar; Pì-lá-ah-Ištar,
Pilah-šadu'e,FALSE,Pì-lá-ah-sa-du,
Pilah-šudu,FALSE,,
Pilah-Suen,FALSE,Pí/Pì-lá-ah-Sú-en6,
Pilaha,FALSE,,
Pilahaya,FALSE,,
Pilahāya,TRUE,Pì-lá-ah-a-a,
Pilahāya,TRUE,Pí/Pì-lá-ah-a; Pì-lá-ah-a-a; Pí-lá-ha-a,
Pilara,FALSE,Pì-lá-ra,
Pilazia,FALSE,Pì-lá-zi-a,
Pilazu,FALSE,Pí-e-lá-zu,
Piliu,FALSE,Pì-li-ú,
Piliuma,FALSE,pì-li-ú-ma,
Pilpizi,FALSE,Pì-el-pì-zi,
Piluatišu,FALSE,,
Pinašu,FALSE,Pì-na-šu,
Pinia,FALSE,Pì-ni-a,
Piradi,FALSE,Pè-ra-dí,
Piruria,FALSE,pi-ru-ri-a,
Pirutahšu,FALSE,pì-ru!-ta-ah-šu,
Pirwal’a,FALSE,pí-ir-wa-al-a,
Pirwala,FALSE,Pí-ir-wa-al-a,
Piša[h]šu,FALSE,pì-ša-[ah]-šu,
Pišah-ilī,FALSE,pí-ša-hi-lam,
Pišanahšu,FALSE,pì-ša-na-ah-šu,
Pištahšu,FALSE,pì-iš-ta-ah-šu,
Pita,FALSE,Pì-da-a,
Pitaki,FALSE,Pí-da-ki,
Pithana,TRUE,pì-it-ha-na,
Pithana,TRUE,pì-it-ha-na; [pí-]it-ha-na,
Pithana,TRUE,Pí-it-ha-na; Pì-it-ha-na,
Pitia,FALSE,,
Pitianalka,TRUE,Pì-tí-a-na-al-kà,
Pitianalka,TRUE,pì-tí-a-na-al-kà; pì-tí-[a-na-al-kà],
Pitipiti,TRUE,pí-tí-pí-tí,
Pitipiti,TRUE,pí-tí-pí-tí; pì-tí-pì-tí,
Pititi,FALSE,Pí-tí-tí; Pì-,
Pitraya,FALSE,Pí-it-ra-a-a,
Piya,FALSE,Pè-e-a,
Pizani,FALSE,Pì-za-ni; Pì-zi-ni,
Piziala,FALSE,Pí-zi-a-la,
Pugdašu,FALSE,pu-ug-da-šu,
Puhia,FALSE,Pu-hi-a,
Puhšia,FALSE,Pu-ùh-ší-a,
Pula,FALSE,,
Pulana,FALSE,Pu-lá-na,
Puli,FALSE,Pu-li,
Pulia,FALSE,Pu-li-a,
Pulili,FALSE,pu-li-li-i,
Puliluašwa,FALSE,Pu-li-lu-áš-wa; Mu-li-li-áš-wa,
Pulina,FALSE,Pu-li-na; pu-li-n[a],
Pulitanahšu,FALSE,pu-li-ta-na-šu,
Pului,FALSE,pu-lu-i,
Puluta,FALSE,pu-lu-ta,
Pûm-Anum,FALSE,Pu-um-A-nim,
Puna,FALSE,Pu-na,
Punamuwadi,FALSE,pu-na-mu-wa-dí,
Punamuwati,FALSE,Pu-na-mu-wa-tí,
Punawašu,FALSE,bu-na-wa-šu,
Punuwašu,FALSE,Pu-nu-wa-šu,
Pupalia,FALSE,Pu-pá-li-a,
Pupuati,FALSE,Pu-pu-a-tí,
Pupulanum,FALSE,Pu-pu-lá-nim,
Pupuwari,FALSE,Pu-pu-wa-ri; Pu-pu-a-ar,
Purama,FALSE,Pu-ra-ma,
Puramama,FALSE,Pu-ra-ma-ma,
Purka,FALSE,Pu-ur-kà,
Puruašna,FALSE,pu-ru-a-áš-na,
Pušqānum,FALSE,Pu-uš-qá-nim,
Pūšu-kēn,FALSE,pu-šu-ke-en6; pu-šu-ke-en; pu-šu-ki-in; pu-šu-ke-na; pu-šu-ke-in; pu-šu-ke-en6-ma; pu-šu-ke-en-ma; pu-šu-ki-in-ma; pu-šu-ke-in-ma; pu-šu-ke-ma; pu-šu-ke-nu-ma,Pušu-ken
Pušuken,FALSE,Pu-šu-ke-en6,
Puta,FALSE,pu-ta; pu-ta-a,
Putame,FALSE,,
Putkan,FALSE,Pu-ut-ga-an,
Puṭram-ili,FALSE,,
Puṭram-ilī,FALSE,Pu-ut-ra-mì-il5,
Puya,FALSE,Pu-a-a,
Puza,FALSE,pu-za,
Puzanani,FALSE,pu-za-na-ni,
Puzazu,FALSE,pu-za-zu; pu-[za-zu],
Puzua,FALSE,Pu-zu-a,
Puzuma,FALSE,pu-zu-ma; pu-zu-ma,
Puzur,FALSE,Pu-zu-ur,
Puzur-abeh,FALSE,,
Puzur-Abih,FALSE,Puzur2-A-bi-ih; Puzur4-A-bi4-ih,
Puzur-abum,FALSE,,
Puzur-Adad,FALSE,PUZUR4-{d}IŠKUR,
Puzur-Amurru,FALSE,PUZUR4-a-mur,
Puzur-Amurrum,FALSE,,
Puzur-Ana,FALSE,Puzur4-A-na; Puzur4-E-na; Puzur4-En-na,
Puzur-Anna,FALSE,Puzur4-A-na; Puzur4-E-na; Puzur4-En-na,
Puzur-Aššur,FALSE,Puzur2-A-šur; Puzur2-A-šùr; Puzur4-A-šur; Puzur4-A-šùr; Púzur-A-šur; púzur-a-šùr; puzur4-a-šùr,
Puzur-bāni,FALSE,,
Puzur-Ea,FALSE,Puzur4-i-a,
Puzur-en-na,FALSE,,
Puzur-Enna,FALSE,PUZUR4-en-na,
Puzur-Ennam,FALSE,,
Puzur-ha-lá,FALSE,,
Puzur-Ilabrat,FALSE,Puzur4-{d}NIN.ŠUBUR,
Puzur-ili,FALSE,,
Puzur-ilī,FALSE,Puzur4-ì-lí; Puzur4-DINGIR,
Puzur-ilia,FALSE,Puzur4-<i>-li-a,
Puzur-Ištar,FALSE,Puzur4-Ištar,
Puzur-Ištaran,FALSE,Puzur4-iš-ta-ra-,
Puzur-Kūbi,FALSE,,
Puzur-Kūbum,FALSE,,
Puzur-Laba,FALSE,Puzur2-Lá-ba,
Puzur-lah,FALSE,PUZUR4-lá-ah,
Puzur-Lama,FALSE,PÚZUR-la-ma,
Puzur-Lamassī,FALSE,PÚZUR-la-ma-sí,
Puzur-malāma,FALSE,PUZUR4-ma-lá-ma,
Puzur-Nirah,FALSE,Pu-zu-ur-Ni-ra-ah; Puzur4-Ni-ra-ah; Puzur4-{d}MUŠ; Puzur2-ni-MUŠ,
Puzur-Nunu,FALSE,Pu<zur>4-Nu-nu,
Puzur-pān-ili,FALSE,Puzur4-ba-ni-ni,
Puzur-šadu’e,FALSE,,
Puzur-Šadue,FALSE,Puzur2-ša-du-e; Puzur2-SA.TU-e; Puzur2-SÁ.TU-e,
Puzur-Sagar,FALSE,,
Puzur-Sakar,FALSE,Puzur4-Sá-gàr; Puzur4-Sà-ga-ar,
Puzur-Šamaš,FALSE,Puzur4-{d}UTU,
Puzur-Sin,FALSE,Pu-zu-ur-Sú-in,
Puzur-Suen,FALSE,PUZUR4-sú-en6,
Puzur-ṭāb,FALSE,PUZUR4-DUG,
Puzur-Ti'amtum,FALSE,Puzur4-Tí-a-am-tim,
Puzur-Tiamtim,FALSE,,
Puzur-Wer,FALSE,,
Puzur-Wēr,FALSE,Puzur4-We-er,
Puzur4-{d}UTU,FALSE,Puzur4-{d}UTU,
Puzurkunu,FALSE,Pu-zu-ur-ku-nu,
Qanūtum,FALSE,,
Qaqqadānum,FALSE,,
Qardinua,FALSE,,
Qardum-Adad,FALSE,Qar-dum-{d}IM,
Qarria,FALSE,,
Qarwa,FALSE,,
Qarwaya,FALSE,,
Qarwia,FALSE,,
Qatātia,FALSE,Qá-ta-tí-a,
Qatatum,FALSE,,
Qātātum,FALSE,qá-ta-tum,
Qaṭṭarā,FALSE,,
Qayātum,FALSE,,
Qīš-Amurrum,FALSE,,
Queen,FALSE,,
Qulali,FALSE,,
Quqadum,FALSE,Qú-qá-dum,
Quqidi,FALSE,,
Qurqurrum,FALSE,Qú-ur-qú-ri-im,
Rabi-Aššur,FALSE,Ra-bi-A-šùr,
Rabi-Bēlum,FALSE,,
Rabi-ili,FALSE,Ra-bi-DINGIR,
Rabi-kī-ilia,FALSE,GAL-ki-li-a,Rabi-ki-ilia
Rabi-Kūbum,FALSE,GAL-Ku-be-im,
Rabi-šadu’e,FALSE,,
Rabia,FALSE,Ra-be-a-a,
Rābiṣum,FALSE,,
Rabītum,FALSE,Ra-bi-tum,
Rabium,FALSE,Ra-bi/be-im,
Rabiya,FALSE,Ra-be-a-a,
Rabum,FALSE,,
Rašab-ilī,FALSE,,
Rašap-ilī,FALSE,ra-ša-áp-DINGIR,
Rašap-ilum,FALSE,Ra-ša-áp-DINGIR,
Rašumu,FALSE,ra-šu-mu,
Rēmenni-ilia,FALSE,Ri-me-ni-ni-a,
Rēšia,FALSE,,
Reṣim,FALSE,,
Rēšīya,FALSE,,
Ri-im-ša,FALSE,,
Ri-mu-um,FALSE,,
Ribātum,FALSE,,
Rigam-Adad,FALSE,Ri-gam-{d}IM,
Rigim-Adad,FALSE,,
Riham,FALSE,,
Rīm-Anim,FALSE,Ri-ma-a-nim,
Rīm-Anum,FALSE,,
Rīm-ilia,FALSE,,
Rimānum,FALSE,,
Rinša,FALSE,Ri-en-ša,
Rīšēya,FALSE,Ri-ši-a,
Rišia,FALSE,,
Riya,FALSE,,
Rizaya,FALSE,,
Rizi,FALSE,,
Rubā’um,FALSE,,
Rubātum,FALSE,Ru-ba-tum; Ru-ba-tim,
Rubaum,FALSE,,
Ruka,FALSE,Ru-kà-a,
Rukāya,FALSE,,
Rutia,FALSE,ru-tí-a,
Ruwadia,FALSE,Ru-wi-tí-a; Ru-tí-a,
Ruwatia,FALSE,ru-wa-tí-a,
Sá-a-ki-a,FALSE,Sá-a-ki-a,
Ša-ba-ú-ni,FALSE,Ša-ba-ú-ni,
Ša-Haraba,FALSE,ša-ha-ra-ba,
Ša-hi-iš-ha-lá-ga,FALSE,Ša-hi-iš-ha-lá-ga,
Sá-ki-a,FALSE,Sá-ki-a,
Ša-ra-<gap>,FALSE,Ša-ra-<gap>,
Ša-ri-ma-a,FALSE,Ša-ri-ma-a,
Ša-ša-da-ri-<big_gap>,FALSE,Ša-ša-da-ri-<big_gap>,
Ša-Šamaš,FALSE,ša-ša-ma-aš,
Ša-šu-ma-ri,FALSE,Ša-šu-ma-ri,
Šā'imānum,FALSE,Ša-i-ma-nim,
Šabahānum,FALSE,Ša-pá-ha-nim,
Sabakum,FALSE,,
Šabakura,FALSE,Ša-pá-ku-ra,
Šabanatum,FALSE,,
Sabasia,FALSE,Sá-ba-sí-a; Sà-ba-sí-a,
Sabasiya,FALSE,,
Šabibra,FALSE,ša-bi-ib-ra-a,
Šabirum,FALSE,,
Sabitum,FALSE,Za-bi4-tim,
Ṣabrum,FALSE,Ṣa-áb-ru-um; -ri-im; -ra-am,
Šabsūtum,FALSE,,
Šabta,FALSE,Ša-áp-ta,
Sabum,FALSE,,
Šabunahšu,FALSE,,
Šaburum,FALSE,Ša-bu-ri-im,
Šabzutum,FALSE,,
Šadahšu,FALSE,Ša-da-ah-[šu]; Ša-tá-ah-šu; Ša-da-ah-šu; Ša-ta-ah-šu; Ša-da-ah-šu-ma,
Šadahšušar,FALSE,Ša-da-ah-šu-ša-ar,
Šaddagdi,FALSE,ša-da-ag-di,
Šadia,FALSE,,
Šadibra,FALSE,Ša-tí-ip-ra; Ištar-ib-ra; Sà-tí-ip-ra,
Šaduhānum,FALSE,Ša-du-ha-nim,
Šaduni,FALSE,ša-du-ni,
Šagiš-kēnum,FALSE,Ša-gi-iš-ke-nim,
Sagum,FALSE,,
Saha,FALSE,,
Šaha-išrama,FALSE,Ša-ha-iš-ra-ma,
Sahar-il,FALSE,,
Šaharli,FALSE,Ša-ha-ar-lí,
Šaharni,FALSE,ša-har-ni,
Šaharpia,FALSE,,
Šaharrana,FALSE,ša-ha-ra-na,
Šahašara,FALSE,Ša-ha-ša-ra,
Šahatika,FALSE,,
Sahāya,FALSE,,
Saher-ilī,FALSE,Sá-ah-ra-ili5; Sá-ah-ri-ì-lí,
Šahišhalaka,FALSE,ša-hi-iš-ha-lá-kà,
Šahišhuma,FALSE,ša-hi-iš-hu-ma,
Šahiškan,FALSE,Ša-hi-iš-kà-an,
Šahišnuman,TRUE,[ša-h]i-iš-nu-ma-an; ša-hi-iš-nu-ma-an; [ša-]hi-iš-nu-ma-an; [š]a-hi-iš-nu-ma-an,
Šahišnuman,TRUE,ša-hi-iš-nu-ma-an,
Šahišnuman,TRUE,Ša-hi-iš-nu-ma-an; Ša-hi-iš-nu-mì-in; Ší-hi-iš-nu-ma-an,
Šahišunumin,FALSE,ša-hi-šu-nu-mì-in,
Sahru-danna,FALSE,,
Sahrudanayum,FALSE,,
Šahutašu,FALSE,,
Šailali,FALSE,ša-i-la-li,
Šailati,FALSE,ša-i-lá-ti,
Sakaria,FALSE,,
Šakatunuwa,FALSE,,
Šakdunua,FALSE,ša-ak-du-nu-a,
Šakdunuwašu,FALSE,Ša-ak-tù-nu-wa-šu,
Šakirutum,FALSE,,
Sakkukum,FALSE,Sà-ku-ku-um; A-ku-ku-um,
Sakkum,FALSE,Sà-ki-im; Sá-ki-im,
Saklanim,FALSE,sá-ak[...]; sá-ak-lá-nim,
Saklānum,FALSE,Sá-ak-lá-num; Sà-ak-lá-num,
Saklia,FALSE,Sá-ak-li-a; Sá-ak-lí-a; Sà-ak-li-a,
Šakriahšu,FALSE,ša-ak-ri-ah-šu,
Šakriašwe,TRUE,ša-ak-ri-a-šu-e,
Šakriašwe,TRUE,Ša-ak-ri-áš-wa; Ša-ak-ri-a-šu-e; Ší-ik-ri-áš-wa; Ša-ak-ri-uš-wa,
Šakriašwe,TRUE,ša-ak-ri-áš-we,
Šakrilka,TRUE,Ša-ak-ri-el-kà; Ší-ik-ri-el-kà; Zi-ik-ri-el-kà,
Šakrilka,TRUE,ša-ak-ri-il5-kà,
Šakriuman,TRUE,ša-ak-ri-ú-ma-an,
Šakriuman,TRUE,Ša-ak-ri-ú-ma-an; Ší-ik-ri-ú-ma-an,
Šakriušwe,FALSE,,
Šakṣum,FALSE,Ša-ak-ṣí-im; Ša-ak-ṣí,
Saktaya,FALSE,,
Saktum,FALSE,,
Šaktuman,FALSE,ša-ak-tù-ma-an,
Šaktunua,FALSE,ša-ak-tù-nu-a,
Šaktunuwa,TRUE,Ša-ak-tù-nu-a; Ša-ak-tù-nu-wa; Ša-kà-tù-nu-wa,
Šaktunuwa,TRUE,ša-ak-tù-nu-wa,
Šaktunuwašu,FALSE,,
Sakukum,FALSE,,
Šakuzi,FALSE,Ša-ku-zi,
Šala,FALSE,Ša-lá; Ša-lá-a; ša-la,
Šalanani,FALSE,Š[a]-lá-na-ni,
Sali,FALSE,Sá-li,
Šali’ata,FALSE,,
Salia,FALSE,,
Šalia,FALSE,Ša-li-a,
Šaliata,FALSE,ša-lu-wa-an-ta,
Salidi,FALSE,,
Šalikani,FALSE,ša-li-ka-ni,
Šalim-a-<big_gap>,FALSE,,
Šalim-Adad,FALSE,Ša-al-ma-{d}IM,
Šalim-ahu,FALSE,Šál-lim-a-hu-um; šál-mì-hi-im; šál-mi-hi-im; šál-me-hi-im; šál-mah; šál-mah-ma; šál-ma-hi-im; šál-ma-hi; šál-ma-a-hi-im; šál-ma-hu-um; šál-mu-hu-um; ša-al-mu-hu-um; ša-lim-a-hu-um; šál-lim-a-hu-um; ša-lim-a-hi-im; ša-al-ma-hi-im; šál-lim-a-hi-im; ša-lim-a-hu-um-ma; ša-lim-a-hu-ma; šál-lim-a-hu-um-ma; ša-lim-a-hi-im-ma; ša-lim-a-hi-um-ma; šál-ma-hu-um-ma; ša-al-mu-ùh; {m}šál-ma-a-hu-um; šál-ma-ah; ša-al-ma-hu-um; šál-mu-hu-um-ma; ša-lim-ma-hi-im; ša-lim-mì-hi-im; ša-lim-a-ha-am; ša-lim-a-hu; ša-lim-a-RI-um,Šalmah; Šalimuh
Šalim-ahum,FALSE,Ša-lim-a-hu-um; Ša-lim-a-hi-im; Šál-lim-a-hi-im; Šál-mah; Ša-li-ma-hi-im; Šál-mu-hu-um,
Šalim-Anum,FALSE,Ša-li-ma-nu-um,
Šalim-Aššur,FALSE,Ša-lim-A-šur/šùr; Šál-ma-A-šur/šùr,
Šalim-beli,FALSE,,
Šalim-bēlī,FALSE,Ša-lim-be-lí,
Šalim-Halum,FALSE,,
Šalim-Hani,FALSE,ša-lim-ha-ni,
Šalim-Ištar,FALSE,šál-mì-IŠTAR,
Šalim-Mama,FALSE,746955742970276442189030127396345096,
Šalim-wardī,FALSE,Ša-lim-wa-ar-dí; Ša-lim-ar-dim; Ša-lim-ÌR-dí; Ša-lim-wa-ar-dim,
Salimānum,FALSE,Sá-li-ma-num; Sà-li-ma-num,
Salimma,FALSE,Sà-lim-ma,
Šalimma,FALSE,Ša-lim-ma,
Šalimmuh,FALSE,ša-lim-mu-ùh,
Šalini,FALSE,Ša-li-ni,
Šalinuman,FALSE,ša-li-nu-ma-a[n],
Šalkuata,FALSE,Šál-ku-a-ta,
Šalkuataš,FALSE,[ša]-al-ku-a-ta-áš,
Šalkuna,FALSE,ša-al-ku-na,
Šalkutaš,FALSE,,
Salla-libbim,FALSE,,
Sallia,FALSE,Sá-li-a; Sà-li-a,
Šallim-Aššur,FALSE,šál-lim-a-šùr,
Salliya,FALSE,,
Šalma,FALSE,ša-al-ma,
Šalma-Aššur,FALSE,Šál-ma-A-šur,
Šalmānu,FALSE,ša-al-ma-nu,
Šalmuh,TRUE,Ša-al-mu-ùh,
Šalmuh,TRUE,ša-al-mu-ùh; ša-al-mu[-ùh],
Šaluanda,FALSE,ša-lu-an-da,
Šaluata,FALSE,ša-lu-a-ta-a; ša-lu-a-ta,
Šalubia,FALSE,,
Salue,FALSE,,
Šaluma,FALSE,Ša-lu-ma,
Šaluti,FALSE,Ša-lu-tí,
Šaluwanta,FALSE,Ša-lu-wa-ta; Ša-lu-an-da; Ša-lu-wa-an-ta; Ša-li-a-ta; ša-li-a-t[a],
Šaluwata,FALSE,Ša-lu-a-ta; Ša-lu-a-ta-at,
Sam’al,FALSE,,
Šam’al,TRUE,ša-am-al,
Šam’al,TRUE,Ša-am-a-al; ša-am-al,
Sama,FALSE,,
Šamahšušar,FALSE,Ša-ma-ah-šu-šar,
Šamahum,FALSE,Ša-ma-hi-im,
Samal,FALSE,,
Šamal,FALSE,Ša-am-al,
Šamalia,FALSE,Ša-ma-li-a,
Šamana,FALSE,Ša-ma-na,
Šamaš-abī,FALSE,ša-ma-aš-a-bí,
Šamaš-bani,FALSE,,
Šamaš-bāni,FALSE,{d}UTU-ba-ni,
Šamaš-damiq,FALSE,{d}UTU-SIG5,
Šamaš-dugul,FALSE,{d}UTU-du-gu5-ul,
Šamaš-ellassu,FALSE,{d}UTU-ILLAT-sú,
Šamaš-ennam,FALSE,{d}UTU-ši-,
Šamaš-gamil,FALSE,ša-ma-aš-ga-mi-il,
Šamaš-iddinam,FALSE,{d}UTU-i-dí-na,
Šamaš-imittī,FALSE,e-té-el-pí-a-šur,
Šamaš-malik,FALSE,ša-ma-aš-ma-lik,
Šamaš-muballiṭ,FALSE,ša-ma-aš-mu-ba-li-iṭ,
Šamaš-mušēli,FALSE,{d}UTU-mu-šé-li,
Šamaš-muttabbil,FALSE,ša-ma-aš-mu-ta-bil,
Šamaš-nāṣir,FALSE,{d}UTU-na-ṣir,
Šamaš-rabi,FALSE,{d}UTU-GAL,
Šamaš-rē'ī,FALSE,{d}UTU-re-e,
Šamaš-ša-dim,FALSE,,
Šamaš-šeli,FALSE,{m}{d}UTU-še-li,
Šamaš-ṣulūlī,FALSE,,
Šamaš-ṭāb,FALSE,{d}UTU-DÙG; {d}UTU-DU10,
Šamaš-taklāku,FALSE,{d}UTU-ta-ak-lá-ku,
Šamaš-tappā'ī,FALSE,{d}UTU-tap-pá-i,
Šamaš-tappai,FALSE,,
Šamaš-tillitī,FALSE,ša-ma-aš-tí-il-tí,
Šamaš-ublam,FALSE,,
Šamaš-wēdāku,FALSE,{d}UTU-e-da-ak,
Samāya,FALSE,Sá-ma-a; Sá-ma; Sà-ma-a; Sà-ma-a-a,
Šamāya,FALSE,Ša-ma-a,
Šamia,FALSE,Ša-mì-a,
Šamima,FALSE,Ša-mì-ma,
Šamnahšu,FALSE,Ša-am-na-ah-šu,
Šamnanika,FALSE,Ša-am-na-ni-kà,
Šamnuman,TRUE,Ša-am-nu-ma-an,
Šamnuman,TRUE,ša-am-nu-ma[-an],
Šamnuman,TRUE,ša<-am>-nu-ma-an; ša-am-nu-ma-an,
Šamšī-Adad,FALSE,ša-am-ší-IŠKUR,
Šamšī-dak,FALSE,ša-am-ší-da-ak,
Šamšī-ennam,FALSE,,
Samšu,FALSE,Sá-am-šu,
Samum,FALSE,,
Sāmum,FALSE,Sà-mì-im,
Samutum,FALSE,Sá-mu-tum,
Šana,FALSE,,
Šanabu,FALSE,Ša-na-pu,
Šanahurna,FALSE,ša-na-hu-ur-na,
Sanibum,FALSE,,
Šaninānum,FALSE,Ša-ni-na-nim,
Sānipum,FALSE,Sá-ni-pì-im,
Šanitamanika,FALSE,Ša-ni-ta-ma-ni-kà,
Sapirānum,FALSE,Sà-pì-ra-nim,
Šaptam-anika,FALSE,ša-ap-ta-am-a-ni-ka,
Šaptamaki,FALSE,Ša-áp-ta-ma-ki,
Šaptamanika,FALSE,Ša-áp-ta-ma-ni-kà,
Šapum,FALSE,Ša-pá-na-tim; [Š]a-pá-nu-[tum],
Šapunahšu,FALSE,ša-pu-na-ah-šu,
Šar,FALSE,Ša-ar,
Šar-ilī,FALSE,Ša-ar-ì-lí; Ša-ri-ì-lí,
Šara,FALSE,Ša-ra,
Šarabunua,FALSE,Ša-ra-pu-nu-wa; Ša-ra-pu-nu-wa-a; Ša-ra-pu-nu-a; Ša-ra-pu-un-wa; Ša-ra-pu-na-wa,
Šarakšuna,FALSE,Ša-ra-ak-šu-na,
Šaral[i...],FALSE,ša-ra-l[i]-x,
Šarama,FALSE,Ša-ra-ma; Ša-ra-a-ma,
Šaranunwa,FALSE,,
Šarapunua,FALSE,ša-ra-pu-nu-a,
Šarapunuwa,FALSE,ša-ra-pu-nu-wa-a; ša-ra-pu-nu-wa,
Šarawa,FALSE,Ša-ra-wa,
Šarba,FALSE,šar-ba,
Šardi,FALSE,,
Šarduba,FALSE,šar-du-ba,
Šarhana,FALSE,šar-ha-na,
Sāridum,FALSE,Sá-ri-dum; Sá-ri-dim,
Šarihu,FALSE,Ša-ri-hu,
Šariša,FALSE,Ša-ri-ša,
Šariuman,FALSE,Ša-ri-ú-ma-an,
Šarkakšuna,FALSE,,
Šarkan,FALSE,Ša-ar-kà-an,
Šarmama,FALSE,Šar-ma-ma,
Šarnida,FALSE,Šar-ni-da,
Šarnika,FALSE,ša-ar-ni-kà-an; ša-ar-ni-kà,Šarnikan
Šarnikam,FALSE,šar-ni-kà-am,
Šarnikan,FALSE,Šar-ni-kà-an; Ša-ar-ni-kà; Ša-ar-ni-kà-an; Šar-ni-kà-an; Ša-ar-ni-kà-ar; Ša-ar-ni-kà-at; ša-ar-ni-kà-an,
Šarnikar,FALSE,ša-ar-ni-kà-ar,
Šarnikašu,FALSE,Ša-ar-ni-kà-šu,
Šarnikat,FALSE,,
Sarniqum,FALSE,Sà-ar-ni-qú-um,
Šarpa,FALSE,Ša-ar-pá; Šar-pá; Ša-ar-pá-a; šar-pá; ša-ar-pá,
Šarpunawa,FALSE,ša-ar-pu-na-wa,
Šarra-Suen,FALSE,,
Šarranu,FALSE,Šar-ra-nu,
Šarrat-Ištar,FALSE,Ša-ra-at-Ištar,
Šarru-Adad,FALSE,,
Šarru-Sin,FALSE,,
Šarrum-Adad,FALSE,Ša-ru-um-; Ša-ru-; LUGAL-{d}IM,
Šarrum-Anum,FALSE,LUGAL-A-nim,
Šarrum-Aya,FALSE,ša-ru-um-a-a,
Šarrum-il,FALSE,ša-ru-um-il,
Šarrum-kēn,FALSE,LUGAL-ki-in; LUGAL-GI.NA,
Šarrum-māten,FALSE,,
Šarrum-Suen,FALSE,Ša-ra-Sú-en6; LUGAL-Sú-en6,
Šaršunuman,FALSE,ša-ar-šu-nu-ma-an; ha-ar-šu-nu-ma-an,
Šaru-suen,FALSE,Ša-ru-Sú-in,
Šarua,FALSE,Ša-ru-a,
Šarubi-<gap>,FALSE,Ša-ru-bi-[x],
Sasa,FALSE,Sá-sá,
Šašahšušar,FALSE,ša-ša-ah-[šu]-šar; ša-ša-ah-[šu-šar]; ša-ša-ah-šu-šar,
Šašalika,FALSE,Ša-ša-li-kà; Ša-ša-al-kà; [ša-ša-]li-kà; ša-ša-li-kà,
Šašalka,FALSE,,
Šašama,FALSE,Ša-ša-ma-a; Ša-ša-ma-áš,
Šašamaš,FALSE,Ša-ša-ma-a; Ša-ša-ma-áš,
Šašanika,FALSE,ša-ša-ni-kà,
Šasarara,FALSE,ša-sá-ra-ra,
Šaši-<big_gap>,FALSE,ša-ší-x-x-x,
Sasia,FALSE,Sá-sí-a; Sà-sí-a; sá-sí-a,
Šašia,FALSE,Ša-ší-a; ša-ší-i-a,
Šašnina,FALSE,ša-áš-ni-na,
Sassati,FALSE,,
Šasu,FALSE,,
Šasua,FALSE,,
Šāt-Adad,FALSE,sa-at-{d}IŠKUR,
Šāt-Ana,FALSE,Ša-at-A-na; Ša-ta-na; Ša-da-na,
Šāt-Aššur,FALSE,Ša-at-A-šur,
Šāt-Ea,FALSE,Ša-at-É-a; Ša-té-a; Ša-tí-e-a,
Šāt-Ibra,FALSE,sà-tí-ip-ra,
Šat-ili,FALSE,Ša-at-ì-lí; Ša-tí-li,
Šāt-ilī,FALSE,Ša-at-ì-lí; Ša-tí-li,
Šāt-Ištar,FALSE,ša-at-IŠTAR,
Šāt-Suen,FALSE,Ša-zu,
Šatahšu,FALSE,ša-ta-ah-šu,
Šatha,FALSE,ša-at-ha,
Šatia,FALSE,Ša-dí-a,
Šawalia,FALSE,ša-wa-li-a,
Šawalku,FALSE,ša-wa-al-ku,
Šawana,FALSE,Ša-wa-na,
Šawanuman,FALSE,Ša-ur-dí-ni; ša-UR-dí-ni,ŠaURdini
Šawia-<gap>,FALSE,,
Šawiana,FALSE,Ša-wi-i-a-n[a],
Šawiyana,FALSE,Ša-wi-i-a-n[a],
Šazakaria,FALSE,ša-za-kar-i-a,
Šazia,FALSE,,
Šazinuman,FALSE,Ša-zi-nu-ma-an,
Šazu,FALSE,Ša-zu,
Šazua,FALSE,Ša-zu-a,
Šēlabum,FALSE,,
Šēlibu,FALSE,šé-li-bu,
Šelibum,FALSE,,
Šeliuman,FALSE,šé-li-ú-ma-an,
Šelumata,FALSE,šé-lu-ma-ta,
Šeme-Bēlī,FALSE,Ší-mì-be-li,
Šeme-Ištar,FALSE,še-me-IŠTAR,
Sensur,FALSE,se-en-sú-ur,
Šēp-Alim,FALSE,Šé-ep-a-limki,
Šēp-Aššur,FALSE,šé-ep-a-šur,
Šēp-Ištar,FALSE,Šé-ep-Ištar; Šé-pí-Ištar,
Šerdu,FALSE,Ší-ir-du,
Ṣerṣerum,FALSE,,
Šerte-ṭāb,FALSE,še-er-te-ṭá-áb,
Šērum-ilī,FALSE,Šé-ru-um-ì-lí,
Šērum-nawer,FALSE,Šé-ru-na-we-er; Ší-ru-um-na-me-er,
Servant,FALSE,,
Šēṣur-Dagan,FALSE,,
Šezur,TRUE,šé-zu-ur; šé-zur,
Šezur,TRUE,Šé-zu-ur; šé-zu-ur; še-zu-ir; šé-ṣú-ur; ší-zu-ur; šé-sú-ur; še-zu-ur; še-ṣur; sé-sú-ur; zi-zu-ur; sé-ṣú-ur; sé-ṣur,
Šēzur,FALSE,,
Šī-gamrat,FALSE,Ší-gam-ra-at,
Ší-im-gi-ma-dal,FALSE,Ší-im-gi-ma-dal,
Šī-lamassī,FALSE,Ší-lá-ma-sí,
Šiat,FALSE,Ší-a-at,
Šiaum,FALSE,Ší-a-im,
Šibana,FALSE,Ší-pá-na,
Šibdikuni,FALSE,Ší-ip-tí-ku-ni,
Šībī-Ištar,FALSE,ší-bí-IŠTAR,
Šibiala,FALSE,ší-bi4-a-lá,
Šibidwa,FALSE,Ší-pì-it-wa,
Šibima,FALSE,Ší-pì-ma,
Sibuhayā'um,FALSE,,
Šidaru,FALSE,Ší-da!-ru; ší-d[a]-ru,
Šidu,FALSE,Ší-du,
Šihašar,FALSE,ši-ha-ša-ar,
Šihišnuman,FALSE,ší-hi-iš-nu-ma-an,
Šihurbia,FALSE,ši-hur-bi-a,
Šihurpia,FALSE,ší-hu-ur-pí-a,
Šikibari,FALSE,Ší-gi-ba-ri,
Sikili,FALSE,si-ki-li,
Sikkuhum,FALSE,,
Šikmadal,FALSE,,
Šikmadim,FALSE,,
Šikmadu,FALSE,Ší-ik-ma-da; Ší-ik-ma-dim,
Šikmatum,FALSE,,
Šikmātum,FALSE,,
Šikriašwe,FALSE,ší-ik-ri-áš-we,
Šikrilka,FALSE,ší-ik-ri-il5-kà,
Šikriuman,FALSE,ší-ik-ri-ú-ma-an; ší-i[k-r]i-ú-ma-an; ší-ik[-ri-ú-ma-an],
Šiktihašut,FALSE,Ší-ik-tí-ha-šu-ut,
Šikua,FALSE,,
Šikuwa,FALSE,Ší-ku-wa,
Šikuza,FALSE,Ší-ku-za,
Šiliara,FALSE,Ší-li-a-ra; [š]í-li-a-ra,
Ṣilili,FALSE,Ṣí-li-li,
Šilipkaean,FALSE,ši-li-ip-ka-e-an,
Šilišurbada,FALSE,Ší-li-šu-ur-ba-da,
Šilišurbaša,FALSE,,
Šiliuman,FALSE,Ší-li-ú-ma-an,
Ṣilla-Adad,FALSE,,
Sillašat,FALSE,,
Ṣillī-abum,FALSE,,
Ṣilli-Adad,FALSE,,
Ṣillī-Adad,FALSE,Ṣí-lá-{d}IM; MI-{d}IM; MI-li-{d}IM,
Ṣillī-Dagān,FALSE,Ṣí-lu-Da-ga-an,
Ṣillī-ilī,FALSE,,
Ṣillī-ilu,FALSE,Ṣí-la-DINGIR,
Ṣillī-išmeanni,FALSE,ṣí-li-iš-me-a-ni,
Ṣilli-Ištar,FALSE,GI6-li-IŠTAR,
Ṣillī-Ištar,FALSE,Ṣí-li-Ištar; MI-li-Ištar,
Ṣillī-Kubabat,FALSE,Ṣí-li-Ku-ba-ba-at,
Ṣillī-libbum,FALSE,Ṣí-li-li-bi4-im,
Ṣillī-malak,FALSE,Ṣí-lá-ma-lá-ak,
Ṣillia,FALSE,Ṣí-li-a; Ṣí-li-i-a,
Ṣillištum,FALSE,,
Ṣilliya,FALSE,,
Ṣilluš-Dagān,FALSE,Ṣí-lu-uš-Da-gán,
Šilmašu,FALSE,Ší-el-ma-šu,
Šilu,FALSE,ši-lu,
Ṣilulu,FALSE,Ṣí-lu-lu,
Šilum-ardi,FALSE,Ší-lu-um-ar-dí-x; Šé-lu-um-ar-dí,Šalim-wardum
Šilumata,FALSE,Ší-lu-ma-ta,
Siluna,FALSE,,
Šīm-kī-mātim,FALSE,,
Šima-Aššur,FALSE,ši-ma-a-šur,
Šima-Suen,FALSE,ši-ma-su-en6,
Šimala,FALSE,ši-ma-la,
Šimašitiša,FALSE,ší-ma-ší-tí-ša,
Šīmat-Anum,FALSE,Ší-ma-ta-nim,
Šīmat-Aššur,FALSE,Ší-ma-at-A-šur,
Simat-ilīšu,FALSE,,
Šimat-Ištar,FALSE,ší-ma-at-IŠTAR,
Šīmat-Ištar,FALSE,Ší-ma-at-Ištar,
Šimat-Suen,FALSE,ší-ma-at-sú-en6,
Šīmat-Suen,FALSE,Ší-ma-at-Sú-en6,
Šīme-bēlī,FALSE,,
Šimi-ilī,FALSE,ši-mi-DINGIR,
Šimiškuni,FALSE,ší-mì-iš-ku-ni,
Šimiškunin,FALSE,ši-mi-iš-ku-nin,
Šimitili,FALSE,Ší-me-tí-AN,Iṣmid-ili
Šimkimadu,FALSE,,
Šimkimatal,FALSE,Ší-im-gi-ma-tal; Ší-im-ki-ma-tim; Ší-im-ki-ma-tù,
Šimkimatum,FALSE,,
Šimnala,FALSE,Ší-im-na-lá; ší-im-na-lá; [š]í-i[m-n]a-lá,
Šimnilka,FALSE,Ší-im-ni-el-kà; ší-im-ni-il5-kà,
Šimnuman,FALSE,Ší-im-nu-ma-an; ší-im-n[u-ma-an]; ší-im-nu-ma-an; ší-im-nu-m[a-an]; ša-am-nu-ma[-an],
Šimnušan,FALSE,Ší-im-nu-ša-an; ší-im-nu-ša,
Šimzur,FALSE,ší-im-zu-ur,
Sîn-iddinam,FALSE,,
Sîn-išmeanni,FALSE,30-iš-me-a-ni,
Sîn-rēmeni,FALSE,,
Šina’a’a,FALSE,ší-na-a-a,
Šinahutum,FALSE,,
Šinanātum,FALSE,,
Šināya,FALSE,Ší-na-a; Ší-na-a-a,
Šinazu,FALSE,Ší-na-zu,
Šinilka,FALSE,Ší-ni-el-ga; ší-ni-il5-kà,
Šinunala,FALSE,Ší-nu-na-lá,
Šinūnūtum,FALSE,Ší-nu-nu-tim; Ší-na-na-tim,
Šinzur,FALSE,ší-in-zu-ur,
Šipana,FALSE,ší-pá-na,
Šipima,FALSE,ší-pì-ma,
Šipitwa,FALSE,ší-pì-it-wa,
Šiptikuni,FALSE,ší-ip-tí-ku-ni,
Šipunahšuš,FALSE,Ší-pu-na-ah-šu-uš,
Šiqlānum,FALSE,Ší-iq-lá-nim,
Sirabi,FALSE,,
Širdu,FALSE,ši-ir-du,
Siri,FALSE,Sí-re-i,
Širun,FALSE,ší-ru-un,
Širunawer,FALSE,ši-ru-na-we-er,
Širuri,FALSE,ši-ru-ri,
Širwatar,FALSE,ší-ir-wa-ta[-ar],
Šišahšušar,FALSE,Ší-; Ša-ša-ah-šu-šar,
Šišalika,FALSE,Ší-ša-li-kà,
Šišara,FALSE,ší-ša-ra,
Šišawada,FALSE,Ší-ša-wa-da,
Šišawaha-x,FALSE,Ší-ša-wa-ha-x-x,
Sisaya,FALSE,,
Šišipti,FALSE,Ší-i-ší-ip-tí,
Sisum,FALSE,,
Šitarama,FALSE,ší-ta-ra-ma,
Šitaraman,FALSE,Ší-ta-ra-ma-an,
Šitaran,FALSE,ší-ta-ra-an,
Šitili(x),FALSE,Ší-tí-li-[,
Šitiman,FALSE,Ší-t[í-m]a-an,
Šiwanala,FALSE,Ší-wa-na-lá; Ší-im-na-lá,
Šiwanalka,FALSE,Ší-wa-na-al-kà; ší-wa-na-[al-kà]; ší-wa-na-al-kà,
Šiwanuman,FALSE,Ší-wa-nu-ma-an,
Šiwaškunian,FALSE,ší-wa-áš-ku-ni-a-an; ší-wa-áš-ku-ni-an; ⌈x⌉-ší-wa-iš-ku-ni-in,
Šiwaškunin,FALSE,,
Šiwašmei,FALSE,ší-wa-áš-me-i,
Šiwašmi,FALSE,Ší-wa-áš-me-i; Ší-wi-iš-me-iš,
Šiwašušar,FALSE,ši-wa-šu-šar,
Šiwiškunian,FALSE,,
Šizbum,FALSE,Ší-iz-bu-um,
Šizizi,FALSE,Ší-zi-zi;,
Šizur,FALSE,Ší-zu-ur; Zi-zu-ur; Ší-in-zu-ur,
Šu-Adad,FALSE,šu-{d}IM,
Šu-ahi,FALSE,,
Šu-Ana,FALSE,,
Šu-Anim,FALSE,,
Šu-Anum,FALSE,Šu-A-nu-um; Šu-A-num,
Šu-Aššur,FALSE,Šu-A-šùr; Šu-A-šur,
Šu-AyaŠu-a-a,FALSE,Šu-a-a; šu-a; sú-a-a; šu-wa-a; šu-a-a; šu-a-a; sú-ú-a-a,
Šu-Belim,FALSE,Šu-Be-lim,
Šu-Belum,FALSE,,
Šu-Bēlum,FALSE,Šu-Be/Bé-lim; Šu-Be-lam,
Šu-Bērum,FALSE,,
Šu-Dagan,FALSE,,
Šu-Dagān,FALSE,Šu-Da-gán; Šu-{d}Da-gán,
Šu-Ena,FALSE,Šu-e-na,
Šu-Enlil,FALSE,Šu-I-li-el; Šu-{d}EN.LÍL,
Šu-Erra,FALSE,Šu-e-ra; Šu-er-ra,
Šu-Habura,FALSE,šu-ha-bu-ra,
Šu-Haniš,FALSE,Šu-ha-ni-iš,
Šu-Harim,FALSE,Šu-Ha-ri-im,
Šu-Harum,FALSE,,
Šu-Hubur,FALSE,Šu-Hu-bur; Šu-Hu-bu-ur,
Šu-Ilabrat,FALSE,Šu-NIN.ŠUBUR,
Šu-ilī,FALSE,Šu-ì-lí; Šu-DINGIR,
Šu-Išhara,FALSE,Šu-Iš-ha-ra; šu-iš-ha[-ra],
Šu-Ištar,FALSE,Šu-Ištar,
Šu-kubim,FALSE,Šu-Ku-bi4-im,
Šu-Kubum,FALSE,,
Šu-Kūbum,FALSE,Šu-Ku-bu-um; Šu-Ku-bi-im; Šu-Ku-bi4-im,
Šu-Laban,FALSE,šu-la-ba-an,
Šu-Labān,FALSE,Šu-la/lá-ba-an; Šu-lá-ba,
Šu-Lama,FALSE,šu-la-ma,
Šu-ma-a,FALSE,,
Šu-Mama,FALSE,Šu-ma-ma,
Šu-na-<gap>,FALSE,,
Šu-Nabar,FALSE,Šu-na-war; Šu-na-mar,
Šu-nawar,FALSE,šu-na-bar,
Šu-Nazi,FALSE,šu-na-zi,
Šu-Nirah,TRUE,Šu-Ni-ra-ah,
Šu-Nirah,TRUE,šu-ni-ra-ah; Šu-Ni-ra-ah,
Šu-Nunu,FALSE,Šu-nu-nu,
Šu-pilah,FALSE,šu-pi-lá-ah,
Šu-Rama,FALSE,,
Šu-Šamaš,FALSE,Šu-{d}UTU,
Šu-Suen,FALSE,šu-sú-en6,
Šu-Suen-mātim,FALSE,,
Šu-Tammuzi,FALSE,Šu-Ta-mu-zi,
Šu-tí-a-wa,FALSE,,
Šu-Tibar,FALSE,Šu-Tí-bar,
Šu-Zuzu,FALSE,,
Šu'unuman,FALSE,Šu-ú-nu-ma-an,
Šua,FALSE,,
Šuala,FALSE,,
Šuaya,FALSE,,
Šubaba,FALSE,Šu-ba-ba,
Subani,FALSE,su-ba-ni,
Šubelim,FALSE,šu-Be-lim,
Šubišamnuman,FALSE,Šu-pí-ša-am-nu-ma-an,
Šubrum,FALSE,Šu-ub-ri-im,
Šubudahšu,FALSE,Šu-pu-da-ah-šu,
Šūbultum,FALSE,Šu-bu-ul-tum,
Šubunah,FALSE,šu-bu-na,
Šubunahšu,FALSE,Šu-pu-na-ah-šu; Ša-pu-na-ah-šu;,
Šubunuman,FALSE,Šu-pu-nu-ma-an,
Šudad,FALSE,šu-da-at,
Šudat,FALSE,Šu-da-at,
Šudaya,FALSE,,
Šudāya,FALSE,Šu-da-a,
Šudibar,FALSE,šu-di-ba-ar,
Sueata,FALSE,Sú-e-ta-a,
Suen-bani,FALSE,,
Suen-bāni,FALSE,{d}EN.ZU-ba-ni; ZU-ba-ni,
Suen-bēl-ilī,FALSE,su-en-bé-el-DINGIR,
Suen-bēlī,FALSE,ZU-bé-li,
Suen-bēlum,FALSE,,
Suen-damiq,FALSE,Sú-in-SIG5,
Suen-gāmil,FALSE,sú-en6-ga-mì-il5,
Suen-iddinam,FALSE,Sú-en6-i-dí-nam,
Suen-iddinaššu,FALSE,-i-dí-na-šu,
Suen-ilīšu,FALSE,,
Suen-ilušu,FALSE,Sú-en6-il5-šu,
Suen-išme,FALSE,sú-en6-iš-me,
Suen-išmeanni,FALSE,Sí-in-iš-me-a-ni,
Suen-lā-rušu,FALSE,sú-en6-lá-ru-šu,
Suen-magir,FALSE,,
Suen-matar,FALSE,sú-en6-ma-ta-ar,
Suen-muballiṭ,FALSE,Sú-in-mu-ba-li-iṭ,
Suen-na-dí,FALSE,,
Suen-nada,FALSE,,
Suen-nādā,FALSE,Sú-en6-na-da; Sú-i-na-da; ZU-na-da; Sí-na-da,
Suen-namer,FALSE,,
Suen-nāqid,FALSE,sú-in-na-qí-id,
Suen-nawer,FALSE,-na-we-er; -na-me-er,
Suen-pilah,FALSE,Sú-en6-pí-lá-ah; ZU-pì-lá-ah,
Suen-rabi,FALSE,Sí-ra-bi; Sí-ra-bi4,
Suen-re-NI,FALSE,,
Suen-re’i,FALSE,,
Suen-rē'ī,FALSE,Sí-in-re-i; sú-en6-re-i; sú-en6-SIPA; sú-re-i; ZU-re-i; sú-in-SIPA; ZU.SIPA; {m}sú-en6-SIPA; sú-in-re-ì; sú-en6-SIPA-ma; ZU-re-i-ma; sú-en6-re-i-ma; sú-in-SIPA-ma; sú-en-re-i; sí-in-re-i; sí-in-SIPA,
Suen-rē’ī,FALSE,,
Suen-rēmeni,FALSE,Sí-re-me-ni,
Suen-šarrum,FALSE,,
Suen-ṭāb,FALSE,Sú-en-HI,
Suen-tāya,FALSE,Sú-en-ta-a,
Suen-tayyār,FALSE,30-ta-a-ar,
Sueta,FALSE,,
Sueta(ya),FALSE,,
Suetata,FALSE,Sú-e-ta-ta; Sú-i-ta-ta-a,
Sueyya,FALSE,Sú-e-a,
Šuharpia,FALSE,šu-ha-ar-pì-a,
Ṣuhartum,FALSE,,
Šuhišunuman,FALSE,Šu-hi-šu-nu-ma-an,
Suhkana,FALSE,,
Šuhur,FALSE,šu-hu-ur,
Šuhurpia,FALSE,Šu-hu-ur-pì-a; Šu-hu-ur-pí-a; Ší-hu-ur-pí-a; Šu-ha-ar-pì-a; Zu-hu-ur-pí-a; šu-hu-[ur]-pì-a; šu-hu-ur[-pì-a]; šu-hu-ur-pì[-a]; šu-hu-u[r]-pì-a; šu-hu-ur-pí-a; šu-hu-u[r-pí]-a; [šu-]hu-ur-pì-a,
Suhurpiala,FALSE,,
Šuhurpiala,FALSE,šu!-hu-ur-pì-a-lá,
Šuhurpiya,FALSE,,
Šuhurpunut,FALSE,Šu-hu-ur-pu-nu-ut,
Šuhurwazi,FALSE,Šu-ur-hu-wa-zi,
Šuhuta,FALSE,Šu-hu-ta,
Šui,FALSE,Šu-i; Šu-e,
Šuiškana,FALSE,Šu-iš-ga-na; Zu-uš-ga-na,
Sukanunin,FALSE,su-ka-nu-ni-in,
Šukatum,FALSE,Šu-ku-tum; Šu-ku-tim; Šu-ki-tim; Šu-kà-tim; Šu-kà-tám,
Šukitim,FALSE,,
Sukkaliya,FALSE,,
Sukkallia,FALSE,Sú-kà-lí-a; Sú-kà-li-a,
Sukkallum,FALSE,Sú-kà-lúm; Sú-kà-li-im; also Sú-kà-nim,
Šukkallum,FALSE,Šu-kà-lim,
Sukkanum,FALSE,,
Šukkutum,FALSE,,
Sukuhum,FALSE,Sú-ku-hi-im; Sú-uk-ú-hi-im; Sí-ik-ú-hi-im,
Šukuku,FALSE,Šu-ku-ku,
Šula,FALSE,Šu-lá; Šu-la,
Šulaba,FALSE,Šu-la-ba-a,
Šulabāya,FALSE,,
Šulala,FALSE,Šu-lá-lá,
Šule,FALSE,Šu-li-e; Šu-li-i-e; šu-le-e,
Šuli,FALSE,Šu-li; Šu-lí; Šu-li-i,
Sulia,FALSE,,
Šulia,FALSE,Šu-li-a; Zu-li-a; šu-li-a,
Ṣulia,FALSE,,
Sulili,FALSE,,
Šulili,FALSE,Šu-li-li; Zu-li-li,
Sulilia,FALSE,,
Šulim,FALSE,,
Šuliman,FALSE,Šu-li-ma-an,
Šulmum-damiq,FALSE,Šu-ul-mu-um-SIG5,
Šulmum-ša-Aššur,FALSE,šu-ul-mì-im-ša-a-šur,
Šulmuša-Aššur,FALSE,šu-ul-mu-ša-a-šùr,
Šulu,FALSE,Šu-lu,
Šuluat,FALSE,Šu-lu-a-at,
Šulubua,FALSE,Šu-lu-pu-a,
Ṣulula,FALSE,,
Ṣululaya,FALSE,ṣu-lu-la,
Ṣulūlāya,FALSE,Zu-lu-la-a,
Šululi,FALSE,Šu-lu-li,
Šulupua,FALSE,šu-lu-pu-a,
Šum-abum,FALSE,,
Šum-Aššur,FALSE,,
Šum-bēlī,FALSE,šu-um-bé-li,
Šum-Ištar,FALSE,,
Šuma,FALSE,Šu-ma; Šu-ma-a,
Šuma-Aššur,FALSE,šu-ma-a-šùr,
Šuma-ili,FALSE,šu-ma-il-i,
Šuma-libši,FALSE,Šu-mu-um-li-ib-ší; Šu-ma-li-ib-ší,
Šuma’ahi,FALSE,šu-ma-a-[hi]; šu-ma-a-hi,
Šumabia,FALSE,,
Šumahi,FALSE,Šu-ma-hi-im; Šu-ma-hi-i; Šu-ma-a-hi,
Šumam-lirši,FALSE,Šu-ma-am-ni-ir-ší,
Šumanum,FALSE,Šu-ma-nim,
Sumaya,FALSE,,
Šumaya,FALSE,,
Šumenika,FALSE,šu-me-ni-ka,
Šumerahšu,FALSE,Šu-me-ra-ah-šu,
Šumi-abia,FALSE,Šu-mì-a-bi/bi4-a; Šu-ma-bi/bi4-a,
Šumi-abiya,FALSE,,
Šumi-ahi-ilī,FALSE,,
Šūmī-awa,FALSE,,
Šumi-Ištar,FALSE,Šu-mì-Ištar,
Šumi-Zaba,FALSE,šu-mi-za-ba,
Šumiabia,FALSE,,
Šumiar,FALSE,Šu-me-ar; Šu-me-a-ar,
Šumiawa,FALSE,Šu-me-a-wa; Šu-me-a-wa-a; šu-mì-a-wa; šu-mì-a-wa-a,
Šumiawar,FALSE,šu-mi-a-wa-ar,
Šumiawi,FALSE,šu-mì-a-wi-,
Šumila’awa,FALSE,šu-mì-lá-a-wa,
Šumirahšu,FALSE,šu-mì-ra-ah-šu,
Šumiuman,FALSE,šu-mì-ú-ma-an,
Šumkanari,FALSE,Šu-um-kà-na-ri,
Šumma-ahum,FALSE,,
Šumma-Aššur,FALSE,šu-um-a-šur,
Šumma-libbi-Adad,FALSE,šu-ma-li-bi-ad-ad,
Šumma-libbi-Aššur,FALSE,Šu-ma-li-bi4-A-šùr; Šu-ma-li-ba-A-šur,
Šumma-libbi-ili,FALSE,Šu-ma-li-bi-ì-lí,
Šumma-libbi-ilia,FALSE,Šu-ma-li-be-ì-lí-a; Šu-ma-li-bi4-lí-a,
Šumma-libbīya,FALSE,,
Šumma-libši,FALSE,,
Šummahum,FALSE,,
Šumnumana,FALSE,923001404712086145502364394488016273,
Šumum-libši,FALSE,,
Šuna,FALSE,Šu-na,
Šunabar,FALSE,Šu-na-wa-ar,
Sunanum,FALSE,,
Šunilka,FALSE,šu-ni-il-ka,
Šunizaba,FALSE,,
Sunum,FALSE,,
Šununuman,FALSE,šu-nu-nu-ma-an,
Šupahšu,FALSE,šu-up-a-ah-šu,
Šupanah,FALSE,šu-pa-na,
Šupepra,FALSE,šu-pì-e-ep-ra,
Šupi’inuman,FALSE,šu-pí-e-nu-ma-an; šu-pí-i-nu-ma-an,
Šupia[t]a,FALSE,šu-pì-a-[t]a,
Šupiahšu,FALSE,Šu-pì-a-ah-šu; šu-pí-a-ah-šu; šu-pí-ah-šu; šu-pì-ah-šu-ú,
Šupiahšušar,FALSE,,
Šupianika,FALSE,šu-pí-a-ni-kà; šu-pì-a-ni-kà,
Šupiašu,FALSE,,
Šupiašue,FALSE,šu-pí-áš-ú-e,
Šupiašwe,FALSE,šu-pì-a-šu-we; šu-pì-áš-we,
Šupienuman,FALSE,,
Supilah,FALSE,,
Šupilah,FALSE,,
Supili,FALSE,,
Šupilka,FALSE,šu-pì[-il5-kà]; šu-pì-il5-kà,
Šupilulia,FALSE,šu-pì-lu-li-a; šu-pu-lu-li-a; šu-pí-lu-li-a,
Šupimani,FALSE,šu-pì-ma-ni,
Šupinuman,FALSE,Šu-pí-e-nu-ma-an; Šu-pí-i-nu-ma-an,
Šupipra,FALSE,šu-pì-ip-ra,
Šupišamnuman,FALSE,šu-pì-ša-am-nu-ma-an,
Šupiuman,FALSE,šu-pí-ú-ma-an,
Šupiunuman,FALSE,šu-pì-ú-nu-ma-an,
Šupiwa,FALSE,šu-pí-wa,
Šuppi-mani,FALSE,šu-pi-ma-ni,
Šuppia,FALSE,,
Šuppiahšu,FALSE,Šu-pí/pì-ah-šu; Šu-pí-a-ah-šu,
Šuppiahšušar,FALSE,Šu-pì-ah-šu-šar; Šu-pí-a-ah-šu-šar,
Šuppialka,FALSE,Šu-pí-a-al-kà,
Šuppiana,FALSE,,
Šuppianika,FALSE,Šu-pì-a-ni-kà,
Šuppiapna,FALSE,Šu-pì-ap-na,
Šuppiaššu,FALSE,,
Šuppiašuwa,FALSE,Šu-pì-a-šu-wa; Šu-pì-a-šu,
Šuppiašwe,FALSE,šu-pì-áš-we,
Šuppiata,FALSE,Šu-pí-a-⌈ta⌉,
Šuppibra,FALSE,Šu-pè-e-ip-ra,
Šuppikuni,FALSE,Šu-pì-ku-ni,
Šuppilabra,FALSE,Šu-pì-lá-áb-ra,
Šuppilulia,FALSE,šu-pi-lu-li-a,
Šuppimanaru,FALSE,šu-pi-ma-na-ru,
Šuppimanašu,FALSE,Šu-pì-ma!-na-šu,
Šuppimi,FALSE,Šu-pí-me-i,
Šuppinahšu,FALSE,Šu-pì-na-ah-šu,
Šuppinuman,FALSE,Šu-pì-ú-nu-ma-an,
Šuppišamnuman,FALSE,šu-pí-ša-am-nu-ma-an,
Šuppiškabi,FALSE,šu-pi-iš-ka-bi,
Šuppiuman,FALSE,Šu-pì-ú-ma-an,
Šuppiwa,FALSE,šu-pi-a,
Šupudahšu,FALSE,šu-pu-da-ah-šu,
Šupultum,FALSE,,
Šupuna[xx],FALSE,šu-pu-na-x[-x],
Šupunah,FALSE,,
Šupunah<šu>,FALSE,šu-pu-na-ah<-šu>,
Šupunahšu,FALSE,[šu-pu-na-a]h-šu; šu-pu-na-ah-šu,
Supunuman,FALSE,,
Šupunuman,FALSE,šu-pu-nu-ma-an,
Šurakuni,FALSE,Šu-ra-a-ku-ni,
Šurama,FALSE,Šu-ra-a; šu-ra-ma; šu-ra; šu-ra-a,
Suraya,FALSE,sú-ra-a,
Šurhuwazi,FALSE,Šu-ur-hu-wa-zi,
Šuri,FALSE,Šu-ri; šu-ri; šu[-ri],
Surinanim,FALSE,sú-ri-na-nim,
Surinānum,FALSE,,
Šuruka,FALSE,Šu-ru-kà,
Susānum,FALSE,,
Sūsānum,FALSE,,
Susaya,FALSE,,
Susāya,FALSE,Sú-sá-a,
Šusaya,FALSE,,
Šusāya,FALSE,Šu-sá-a; Šu-za-a,
Šušu,FALSE,šu-šu-ú,
Šušuku,FALSE,Šu-šu-ku;,
Šušuma,FALSE,Šu-ú-šu-ma,
Suteya,FALSE,,
Šutis,FALSE,Šu-tí-is,
Šutkula,FALSE,šu-ut-ku-la,
Šuwa,FALSE,Šu-wa-a; Šu-a-a,
Šuwakru,FALSE,šu-wa-ak-ru,
Šuwala,FALSE,Šu-ú-a-lá,
Šuzaya,FALSE,,
Šuzua,FALSE,Šu-zu-a,
Šuzuzu,FALSE,šu-zu-zu,
Ta-ar-na-šu-um,FALSE,Ta-ar-na-šu-um,
Ta-ba-ga-x,FALSE,Ta-ba-ga-x,
Ta-ga-na-ba-ta,FALSE,Ta-ga-na-ba-ta,
Ta-ša-li,FALSE,Ta-ša-li,
Ta’a’a,FALSE,[ta-]a-a; ta-a-a,
Ṭāb-ahī,FALSE,Ṭá-áb-a-hu; DÙG-a-hi-e; DÙG-a-hi; DU10-a-hi-ma; DUG-a-he-e,Ṭāb-ahē; Ṭab-ahi
Ṭāb-Anum,FALSE,DÙG-a-num; DU10-a-num,
Ṭab-Aššur,FALSE,DÙG-a-šùr; DU10-a-šùr; DÙG-A-šur; DU10-A-šur; DU10-A-šùr; DÙG-A-šùr,
Ṭāb-Aššur,FALSE,DÙG-a-šùr; DU10-a-šùr; DÙG-A-šur; DU10-A-šur,
Ṭāb-dadi,FALSE,DÙG-da-dí,
Ṭab-ili,FALSE,,
Ṭāb-ilī,FALSE,DÙG-ì-lí,
Ṭāb-iluka,FALSE,Ta-ba-lu-ga; Ta-ba-an-ga,
Ṭāb-pī-Anum,FALSE,Ta-bi-a-nu-um; -num,
Ṭāb-pī-Aššur,FALSE,DÙG-pí-a-šùr,
Ṭāb-pī-Ištar,FALSE,DÙG-pí-iš8-tár,
Ṭāb-ṣill-Adad,FALSE,,
Ṭāb-ṣill-Aššur,FALSE,DÙG-ṣí-lá-A-šùr; DU10-ṣí-lá-A-šùr,
Ṭāb-ṣill-Suen,FALSE,DÙG-ṣí-li-sú-in,
Ṭab-ṣilla-Aššur,FALSE,,
Ṭāb-ṣilli-Aššur,FALSE,,
Tabarlu,FALSE,ta-ba-ar-lu,
Tabatum,FALSE,Ta-ba-tim,
Ṭābāya,FALSE,Ta-ba; Ta-ba-a; DÙG-a-a; DU10-a-a,
Tabbaba,FALSE,ta-ba-ba,
Tābi-Aššur,FALSE,Ta-bi4-A-šùr,
Tabia,FALSE,ta-bi-a,
Tabiānum,FALSE,,
Tabina,FALSE,Ta-bi-na,
Tadhul,FALSE,ta-ad-hu-ul,
Tadkabu,FALSE,ta-ad-ka-bu,
Tadmurum,FALSE,,
Tagaduba,FALSE,Ta-ga-du-ba,
Taganaba,FALSE,,
Taha,FALSE,Ta-ha-a; ta-ha,
Taha’a,FALSE,ta-ha-a,
Tahamašu'e,FALSE,ta-ha-ma-šu-e,
Tahamašue,FALSE,ta-ha-ma-šu-e,
Tahani,FALSE,Ta-ha-ni,
Tahara,FALSE,,
Tahaša,FALSE,,
Tahašaili,FALSE,Ta-ha-ša-i-li; Ta-ha-ša-li; Ta-ah-ša-li; Ta-ah-ša-ili5; ; Ta-ha-ší-li; Ta-ah-ša-a-li,Tah(a)šili
Tahāya,FALSE,,
Tahe,FALSE,Ta-ah-e,
Tahili,FALSE,ta-hi-li,
Tahiši,FALSE,,
Tahišili,FALSE,,
Tahišra,FALSE,ta-hi-iš-ra,
Tahšali,FALSE,,
Tahuta,FALSE,Ta-hu-ta,
Tahzi,FALSE,Ta-ah-zi,
Taiša,FALSE,Ta-i-ša-a,
Taišamaī’um,FALSE,,
Takā,FALSE,Ta-ka-a; ta-kà-a,
Takana,FALSE,Ta-ga-na; ta-kà-na,
Takanabaya,FALSE,ta-ka-na-ba,
Takanapa,FALSE,Ta-kà-na-pá-a,
Taki,FALSE,Ta-ki; Ta-ki-e; Ta-ki-i,
Takil-Aššur,FALSE,ta-ki-il5-a-šur,
Tākil-Aššur,FALSE,Ta-ki-il5-A-šur,
Takilaya,FALSE,,
Tākilāya,FALSE,Ta-ki-lá-a,
Takiluku,FALSE,Ta-ki-lu-ku,
Takim,FALSE,,
Takkilāya,FALSE,,
Taknapura,FALSE,Da-ak-na-bu-ra,
Takniš,FALSE,Da-ak-ni-iš; Da-ak-ni-eš; Ta-ak-ni-iš,
Takšanuma,FALSE,,
Takšanuman,FALSE,Ta-ak-ša-nu-ma-an; Ták-ša-nu-ma; ták-ša-nu-ma-an,
Takšinu,FALSE,Ta-ak-ší-nu-ú,
Takua,FALSE,Ta-ku-a,
Talaš,FALSE,ta-la-áš,
Taldul,FALSE,Ta-al-du-ul,
Talhama,FALSE,Ta-al-ha-ma; tal-ha-ma,
Talhamašuwe,FALSE,Tal-ha-ma-šu-e,
Talhat,FALSE,,
Talhata,FALSE,Tal-ha-ta,
Talia,FALSE,Ta-li-a; Ta-li-a-[á]š; ta-li-a; ta-li[-a]; [t]a-li-a; [ta-l]i-a,
Talinini,FALSE,Ta-li-ni-ni,
Tališ,FALSE,Ta-li-iš,
Taliuma,FALSE,ta-li-ú-ma,
Taliuman,FALSE,Ta-li-ú-ma-an; Ta-li-ú-ma,
Taluhta,FALSE,Ta-lu-ùh-ta,
Taluka,FALSE,ta-lu-ka,
Taluwa,FALSE,,
Taluwana,FALSE,,
Talwahšušara,FALSE,a-limKI tal-wa-ah-šu-ša-ra,
Talwana,FALSE,Tal-wa-na; Ta-lu-wa-na,
Tam’ar’a,FALSE,ta-am-ar-a,
Tam(u)ria,FALSE,ta-mu-ri-a; ta-am-ri-a,
Tamapina,FALSE,ta-ma-pì-na,
Tamara,FALSE,Ta-ma-ra,
Tamaria,FALSE,Ta-ma-ri-a,
Tamia,FALSE,Ta-me-a,
Tamišit,FALSE,Da-me-ší-e-it,
Tamkārum,FALSE,,Tamkarum
Tamki,FALSE,ta-am-ki,
Tamna,FALSE,Ta-am-na-a,
Tamna’a,FALSE,ta-am-na-a,
Tamna[xx]ri,FALSE,ta-am-na-[x]-ri,
Tamnanika,FALSE,Ta-am-na-ni-kà,
Tamnašar,FALSE,ta-am-na-ša-ar; ta-am-na-šar,
Tamnašu,FALSE,,
Tamnia,FALSE,Ta-am-ni-a,
Tamniya,FALSE,,
Tamria,FALSE,Ta-am-ri-a; ta-am-ar-a,
Tamriya,FALSE,,
Tamtu,FALSE,Tám-tù-ú,
Tamura,FALSE,Ta-mu-ur-a,
Tamuri,FALSE,Ta-mu-ri; Ta-mu-ri-i,
Tamuria,FALSE,Ta-mu-ri-a; Ta-mu-ur-i-a; Ta-am-ri-a; ta-mu-ri<-a>; ta-mu-ri-a; ta-mu-ur-i-a,
Tanawa-išti,FALSE,ta-na-wa-iš-ti,
Tandana,FALSE,Ta-an-da-na,
Tanduli,FALSE,Ta-an-du-li,
Tanušta,FALSE,Ta-nu-uš-ta; Ta-nu-uš-tí,
Tanušti,FALSE,Ta-nu-uš-ta; Ta-nu-uš-tí,
Tapkinda,FALSE,Tap-ki-in-da,
Tappāya,FALSE,,
Taqin-abum,FALSE,,
Taqin-Aššur,FALSE,táq-na-a-šùr,
Taqun-abum,FALSE,Ta-aq-na-bu-um; Da-aq-na-bu-um; Táq-na-be-im,
Tarahnu,FALSE,ta-ar-ah-nu,
Tarahšu,FALSE,da-ra-ak-šu,
Tarakšan,FALSE,Ta-ar-ak-ša-an,
Tarakšu,FALSE,Da-ra-ak-šu,
Tarakum,FALSE,,
Tarām-ili,FALSE,Ta-ra-am-ì-lí; Tár-àm-A-ga-dè.ki,
Tarām-Kūbī,FALSE,,
Tarām-Kūbum,FALSE,,
Taraš,FALSE,Ta-ra-áš,
Taratar,FALSE,Ta-ra-tár,
Tarawa,FALSE,,
Tarawazi,FALSE,Da-ra-wa-zi,
Tarazu,FALSE,Da-ra-zu,
Tarbaliail,FALSE,ta-ar-ba-li-a-il,
Tarbišan,FALSE,ta-ar-bi-ša-an,
Targašan,FALSE,ta-ar-ga-ša-an,
Tarhala,FALSE,ta-ar-ha-[lá]; [ta]-ar-ha-lá; ta-ar-ha-lá,
Tarhašiat,FALSE,Da-ar-ha-ší-at; Ta-ar-ha-áš-it,
Tarhnu,FALSE,ta-ar-ah-nu,
Tarhuala,FALSE,Ta-ar-hu-a-lá; Tár-hu-a-lá; Ta-ar-hu-lá; Tár-hu-lá; Ta-ar-ha-lá; ta-ar-hu-a-lá; tár-hu-a-lá,
Tarhuan,FALSE,Tár-hu-a-an,
Tarhudašu,FALSE,Tár-hu-da-šu; Ta-ar-hu-ta-šu; tár-hu-da-šu,
Tarhula,FALSE,ta-ar-hu-lá; tár-hu-lá,
Tarhunia,FALSE,Tár-hu-ni-a,
Tarhunu,FALSE,Ta-ar-hu-nu; Ta-ar-ah-nu,
Tarhuši,FALSE,ta-ar-hu-ši,
Tarhušit,FALSE,Tár-hu-ší-it,
Tarhutašu,FALSE,ta-ar-hu-ta-šu,
Tari,FALSE,,
Tarībatum,FALSE,Ta-ri-ba-tum,
Tarikuda,FALSE,Ta-ri-ku-da; Tí-ri-ku-da; ta-ri-ku-da,
Tarikuta,FALSE,ta-ri-ku-ta,
Tarikutana,FALSE,Ta-ri-ku-ta-na,
Tarīš-mātum,FALSE,Ta-ri-iš-ma-tim; Ta-ri-iš-ma-tum; Ta-ri-iš-ma-tim,Tarišmatum
Tarīša,FALSE,Ta-ri-ša; [t]a-ri-ša,Tariša
Tarkada,FALSE,Ta-ar-kà-da,
Tarkašan,FALSE,Ta-ar-kà-ša-an,
Tarkuala,FALSE,Ta-ar-ku-a-lá,
Tarmali,FALSE,Ta-ar-ma-l[i],
Tarmalia,FALSE,Ta-ar-ma-li-a; ta-ar-ma-li-a; tár-ma-li-a; ta-ar-ma-li-<<li>>-a,
Tarmana,FALSE,Ta-ar-ma-na; Tár-ma-na; ta-ar-ma-na; [t]a-ar-ma-na; tár-ma-na,
Tarmua,FALSE,ta-ar-mu-a,
Tarnuaru,FALSE,Tár-nu-a-ru,
Tarša,FALSE,ta-ar-ša-ša-an; ta-ar-ša,
Taršašan,FALSE,Ta-ar-ša-ša-an,
Taršiat,FALSE,Ta-ar-ší-a-at,
Taršibi,FALSE,ta-ar-ši-bi,
Taršibiala,FALSE,Tár-ší-pì-a-/li,
Taršibiatiša,FALSE,ta-ar-ši-bi-a-ti-ša,
Taršit,FALSE,,
Taršura,FALSE,Ta-ar-šu-ra,
Taruhnu,FALSE,Ta-ru-ùh-nim,
Tarwašiala,FALSE,Ta-ar-wi-ší-a-lá; ta-ar-wa-ší-a-la!; ta-ar-wa-ší-a-la,
Tarzulia,FALSE,Tár-zu-li-a,
Tašam,FALSE,Ta-ša-am; [t]a-ša-am!; ta-ša-am,
Tašama,FALSE,ta-ša-ma,
Tašia,FALSE,ta-ši-a,
Tašima,FALSE,Ta-ší-ma,
Taška,FALSE,Ta-áš-kà,
Taskuli,FALSE,ta-as-ku-li,
Taškuria,FALSE,ta-áš-ku-ri-a,
Tašmētum,FALSE,,
Tašmētum-bēltī,FALSE,ta-áš-me-tù-um-bé-el-tí,
Tašušu,FALSE,Ta-šu-šu-ú,
Tataiš,FALSE,ta-ta-iš,
Tatala,FALSE,Ta-ta-lá,
Tatali,FALSE,Ta-ta-li; Ta-ta-li-i; ta-ta-li; ta-ta-li-i,
Tatana,FALSE,Ta-ta-na,
Tatašmiš,FALSE,Ta-ta-áš-mì-iš; Ta-ta-áš-mì-šu,
Tataya,FALSE,,
Tatkapu,FALSE,Ta-at-kà-pu-ú; [Ta-at]-ki-pu-uš,
Tatkipu,FALSE,ta-at-ka-pu-ú; [ta-at-]ki-pu-uš,
Tatkipuš,FALSE,,
Tatma,FALSE,ta-at-ma,
Tatuhali,FALSE,ta-tù-ha-li,
Tatūr-ališša,FALSE,Ta-tur4-a-li-ša,
Tawila,FALSE,ta-wi-la,
Tāya,FALSE,Ta-a; Ta-a-a; Ta-i-a,
Tazina,FALSE,Ta-zi-na,
Taziza,FALSE,ta-zi-za,
Tazkul,FALSE,Ta-az-ku-ul; Ta-sá-ku-ul,
Tazuzali,FALSE,,
Tebulka,FALSE,,
Telina,FALSE,té-li-na; té-li-na-a,
Tepulka,FALSE,té-pu-ul-kà,
Tibula,FALSE,di-bu-la,
Tiburšiā'i'ūm,FALSE,,
Tidawašu,FALSE,ti-da-wa-šu,
Tigara,FALSE,,
Tigarašu,FALSE,,
Tikanu,FALSE,Tí-kà-nu,
Tikara,FALSE,Tí-kà-ra,
Tiki,FALSE,Tí-ki,
Tikšar,FALSE,Tí-ik-ša-ar; Tí-ik-šar; tí-ik-ša-a[r]; tí-ik-šar,
Til-Tummani'um,FALSE,,
Tilia,FALSE,Tí-li-a,
Tilina,FALSE,Tí-li-na,
Tiliuruman,FALSE,Tí-li-ú-ru-ma-an,
Tiltitiš,FALSE,tí-il5-tí-tí-iš,
Timelkiya,FALSE,,
Timlikum,FALSE,Tí-im-li-ki-im,
Timuil,FALSE,Tí-mu-el,
Tinala,FALSE,Ti-na-la,
Tinari,FALSE,tí-na-ri,
Tipukunian,FALSE,Tí-pu-ku-ni-a-an,
Tipula,FALSE,Tí-pu-lá,
Tipulka,FALSE,Tí-pu-ul-kà,
Tirikuda,FALSE,tí-ri-ku-da,
Tiripa,FALSE,Tí-ri-pá,
Tiša,FALSE,Tí-ša,
Tišaiš,FALSE,Tí-ša-i-iš,
Tišalim,FALSE,Tí-ša-lim,
Tištihaluba,FALSE,tí-iš-tí-ha-lu-ba,
Titadra,FALSE,,
Titawašhi,FALSE,tí-ta-wa-áš-hi,
Titi,FALSE,Tí-tí-i; Tí-tí-e,
Titiar,FALSE,Tí-tí-ar,
Titime,FALSE,Tí-i-tí-me,
Titimi,FALSE,tí-i-tí-mì,
Titinari,FALSE,,
Titinatal,FALSE,Tí-tí-na-ri,
Titipiulka,FALSE,tí-tí-pì-ul-kà,
Tittiya,FALSE,Tí-tí-a,
Titumian,FALSE,Tí-tù-me-an; Tí-tù-me-am,
Titurnablam,FALSE,,
Tiwalis,FALSE,Tí-wa-li-is,
Tiwališ,FALSE,,
Tiwatia,FALSE,Tí-wa-tí-a,
Tiwatiwa,FALSE,,
Tiwiliz,FALSE,tí-wi-li-iz,
Tizaruman,FALSE,Tí-za-ru-ma-an,
Tizuhi,FALSE,Tí-zu-hi,
Tù-wi-tù-wi,FALSE,,
Tu'īmtum,FALSE,Tù-i-im-tim,
Tu'īmum,FALSE,Tù-i-mì-im,
Tuanua,FALSE,,
Tuarhala,FALSE,tù-ar-ha-lá,
Tuarhunu,FALSE,tù-ar-hu-nu,
Tubagili,FALSE,tù-ba-gi-li,
Tudhalia,FALSE,Tù-ud-ha-li-a; Tù-ud-hi-li-a; Tù-tí-hi-li-a,
Tudhiliaš,FALSE,,
Tuhiumnan,FALSE,Tù-hi-um-na-an,
Tuhnada,FALSE,Tù-ùh-na-da,
Tuhniš,FALSE,Tù-ùh-ni-iš,
Tuhpia,FALSE,,
Tuhši,FALSE,tù-ùh-ší,
Tuhtuhānum,FALSE,,
Tuhupiš,FALSE,Tù-hu-pí-iš; ; Tù-hu-pì-iš; tù-hu-pì-iš,
Tuhušili,FALSE,Tù-hu-ší-li,
Tuhušipha,FALSE,tù-hu-ší-ip-ha,
Tuimtum,FALSE,,
Tuklānum,FALSE,,
Tulaliāum,FALSE,,
Tuli,FALSE,Du-li,
Tulinuwa,FALSE,Tù-li-nu-wa,
Tuma,FALSE,du-ma,
Tumana,FALSE,tù-ma[-na]; tù-ma-na,
Tumišna,FALSE,tù-mi-iš-na,
Tumli’ā’um,FALSE,,
Tunia,FALSE,Du-ni-a,
Tunikuni,FALSE,Du-ni-ku-ni,
Tunum,FALSE,Du-ni-im,
Tunumna,FALSE,Du-nu-um-na; tù-nu-um-na,
Tunumnazu,FALSE,,
Tupawatar,FALSE,tù-pá-wa-tár,
Tupazu,FALSE,tù-pa-zu,
Tupisi,FALSE,tù-pì-sí,
Tupisialka,FALSE,Tù-pí-sí-al-kà,
Tupizi,FALSE,,
Tupizialka,FALSE,tù-pì-zi-al-kà,
Tuptulu,FALSE,tù-up-tù-lu,
Tūr-Adad,FALSE,,
Tūr-Aššur,FALSE,du-ur-a-šur,
Tūr-Ea,FALSE,Tù-ri-e-a,
Tūr-Ištar,FALSE,du-ur-IŠTAR,
Tūram-Adad,FALSE,Tù-ra-am-{d}IM; Tù-ur-{d}IM,
Tūram-Aššur,FALSE,tù-ra-am-a-šùr,
Turam-ašur,FALSE,tù-ra-am-a-šur; tù-ra-am-da-šùr,
Tūram-bēlī,FALSE,Tù-ra-be-lí,
Turam-Dagan,FALSE,,
Turam-il,FALSE,,
Turam-ilī,FALSE,,
Tūram-ilī,FALSE,Tù-ra-am-ì-lí; Tù-ra-me-el; Tù-ra-ì-lí,
Turaya,FALSE,,
Turāya,FALSE,,
Tūrāya,FALSE,Tù-ra-a; Tù-ra-a-a,
Tureya,FALSE,Tù-re-e-a,
Turhala,FALSE,du-ur-ha-la,
Turhumit,FALSE,,
Tūrī-Ištar,FALSE,,
Turmali,FALSE,Tù-ur-ma-li-i; tur4-ma-li,
Turu-Dagan,FALSE,,
Turuhna,FALSE,Tù-ru-ùh-na; Tù-ru-ùh-nu; tù-ru-ùh-na,
Turuhnu,FALSE,tù-ru-ùh-nu,
Turupani,FALSE,Tù-ru-pá-ni,
Tuša,FALSE,Tù-ša,
Tušala,FALSE,Tù-ša-lá,
Tušara,FALSE,Tù-ša-ra; tù-ša-ra; Tù-ša-la,
Tušaša,FALSE,Tù-ša-ša; Tù-ša-ra,
Tuškurunua,FALSE,du-uš-ku-ru-nu-a,
Tušu,FALSE,Tù-šu,
Tušua,FALSE,Tù-šu-a,
Tušuba,FALSE,du-šu-ba,
Tušula,FALSE,Tù-šu-lá; tu-šu-lá,
Tušupa,FALSE,Tù-šu-pá,
Tutaya,FALSE,Tù-ta-a; Tù-ta-a,
Tuthala,FALSE,tù-ut-hal-a!,
Tuthalia,FALSE,tù-ut-ha-li-[a]; tù-ut-ha-li-a; tù-ut-ha-li[-a],
Tuthilia,FALSE,tù-ut-hi-li-a; tu-ut-hi-li-a,
Tuthiliaš,FALSE,tù-ut-hi-li-a; tù-ut-hi-li-áš,
Tutu-piāla,FALSE,,
Tutuhali,FALSE,Tù-tù-ha-li,
Tutulani,FALSE,Tù-tù-lá-ni,
Tutuli,FALSE,Tù-tù-li,
Tutulidi,FALSE,Tù-tù-li-dí,
Tutupiala,FALSE,Tù-tù-pì-a-lá,
Tuwa,FALSE,Tù-ú-a,
Tuwa-kammalia,FALSE,Tù-wa-kam-ma-li-a,
Tuwakammalia,FALSE,tù-wa-kam-ma-li-a,
Tuwanuwa,FALSE,Tù-a-nu-a,
Tuwarahšu,FALSE,Tù-wa-ra-ah-šu,
Tuwatuwa,FALSE,tù-wa-tù-wa,
Tuwazi,FALSE,Tù-wa-zi,
Tuwituwi,FALSE,Tù-ú-i-tù-ú-i; Tù-wi-tù-wi,
Tuzanani,FALSE,Tù-za-na-ni,
Tuzu,FALSE,tù-zu,
Tuzuši,FALSE,Tù-zu-ší,
Uamim-Ištar,FALSE,,
Ubadiahšu,FALSE,Ú-pá-tí-a-ah-šu,
Ubarzāya,FALSE,,
Ubāya,FALSE,,
Ubhakum,FALSE,Up-ha-ki-im,
Udkaria,FALSE,Ut-kà-ri-a,
Udkarišan,FALSE,,
Udnahupa,FALSE,Ut-na-hu-pá; ud-na-hu-pá,
Udniahšu,FALSE,,
Udnihšu,FALSE,,
Udruašu,FALSE,Ut-ru-wa-šu; Ut-ru-a-šu,
Udu,FALSE,ú-du,
Udunuman,FALSE,Ú-tù-nu-ma-an,
Ugawa,FALSE,Ú-ga-wa; U-ga-wa,
Ukabinahu,FALSE,Ú-ga-ba-na-hi,
Ukida,FALSE,Ú-ki-da,
Uku,FALSE,Ú-ku,
Ukua,FALSE,ú-ku,
Ukula,FALSE,Ú-ku-la,
Ukupturuš,FALSE,Ú-ku-up-tù-ru-uš; Ú-ku-up-ta-ru-uš,
Ukuri,FALSE,Ú-ku-ri; ; Ú-ku-ri-i,
Ulama,FALSE,,
Ulamil,FALSE,,
Ulanašu,FALSE,Ú-lá-na-šu,
Ulāya,FALSE,Ú-lá-a; Ú-lá-a-a,
Ulia,FALSE,,
Ulida,FALSE,Ú-li-da 94/k 990,
Uliliuman,FALSE,Ú-li-li-ú-ma-an,
Ulimahšu,FALSE,Ú-li-ma-ah-šu,
Ulišan,FALSE,ú-li-ša-an,
Ulišaram,FALSE,Ú-li-ša-ra-am,
Ullammil,FALSE,Ú-lá-mì-il5; Ú-lu-ma-il5,
Ulu,FALSE,ú-lu,
Ululā,FALSE,Ú-lá-a; Ú-lu-lá; Ú-lu-lá-a,
Ummaknu,FALSE,,
Ummana,FALSE,Um-ma-na; here also Ú-ma-nam; Ú-ma-nim,
Ummaya,FALSE,ú-ma-a,
Ummaza,FALSE,Um-ma-za,
Ummi,FALSE,,
Ummī-Atašna,FALSE,um-me-a-ta-áš-na,
Ummī-Hepa,FALSE,Um-mì-he-pá,
Ummi-Išhara,FALSE,,
Ummī-Išhara,FALSE,Um-mì-Iš-ha-ra,
Ummī-Kubabat,FALSE,Um-mì-Ku-ba-ba-at,
Ummī-nara,FALSE,um-mì-na-ra,
Ummī-Nawar,FALSE,Um-me-na-wa-ar,
Ummī-sār,FALSE,,
Ummī-sāri,FALSE,,
Ummi-ṭabat,FALSE,,
Ummī-ṭābat,FALSE,um-me-DÙG-at,
Ummiatašna,FALSE,,
Umminara,FALSE,Um-me-na-ra,
Ummini,FALSE,,
Ummizar,FALSE,Um-me-za-ar,
Umutallum,FALSE,,
Unaba,FALSE,Ú-na-pá; Ú-nu-pá,
Unania,FALSE,Ú-na-ni-a,
Unapa,FALSE,ú-na-pá,
Unapše,FALSE,Ú-na-ap-ší; Ú-na-áp-ší,
Unapšenni,FALSE,Ú-na-áp-šé-ni,
Unapši,FALSE,,
Uni,FALSE,ú-ni,
Unibzim,FALSE,,
Uniuni,FALSE,ú-ni-ú-ni,
Unuba,FALSE,ú-nu-ba,
Unupa,FALSE,,
Upatiahšu,FALSE,ú-pá-tí-a-ah-šu,
Upe,FALSE,ú-pe,
Uphāqum,FALSE,,
Upuiman,FALSE,,
Upuiuman,FALSE,ú-pu-ú-i-ú-ma-an; [ú-]pu-ú-i-<ú->ma-an,
Ur-Kugga,FALSE,,
Ur-Lugalbanda,FALSE,UR-{d}LUGAL.BÀNDA,
Urad-Aššur,FALSE,,
Urame,FALSE,ú-ra-mì,
Urani,FALSE,ur-a-ni,
Urāni,FALSE,Ú-ra-ni; Ur-a-ni,
Uranuman,FALSE,Ú-ra-nu-ma-an,
Uraya,FALSE,,
Urāya,FALSE,Ú-ra-a; Ú-ra-a-a,
Urda,FALSE,,
Urdala,FALSE,Ur-da-lá,
Urdānum,FALSE,Ur-da-num,
Urduba,FALSE,ur-du-ba,
Urdum,FALSE,,
Urdušu,FALSE,Ur-du-šu,
Urišiši,FALSE,,
Urnahudu,FALSE,ur-na-hu-du,
Uršiša,FALSE,Ur-ší-ša,
Uršiši,FALSE,Ur-ší-ší; Ú-ur-ší-ší; Ú-ri-ší-ší,
Uršuhi,FALSE,Ur-šu-hi,
Uršunuwa,FALSE,Ur-šu-nu-wa,
Ušama,FALSE,Uš-a-ma,
Ušanalum,FALSE,,
Usanum,FALSE,,
Usānum,FALSE,Ú-sá-num; Ú-sà-num,
Usaria,FALSE,,
Usāria,FALSE,,
Uṣāria,FALSE,Ú-za-ri-a,
Ušbila,FALSE,Uš-pí-lá,
Ušbita,FALSE,Uš-pí-ta,
Ušhalia,FALSE,Uš-ha-li-a,
Ušhašra,FALSE,uš-ha-áš-ra,
Ušhata,FALSE,Uš-ha-ta; Ú-uš-ha-ta; uš-ha-ta,
Ušher,FALSE,uš-he-er,
Ušhuba,FALSE,uš-hu-ba,
Ušhueni,FALSE,uš-hu-e-ni,
Ušhupa,FALSE,uš-hu-pá,
Ušinuman,FALSE,ú-ší-nu-ma-an; wa-ší-nu-ma-an,
Ušmanahšu,FALSE,Uš-ma-na-ah-šu,
Usmaya,FALSE,,
Ušmaya,FALSE,,
Ušmāya,FALSE,Uš-ma-a; Uš-ma-a-a; Us-ma-a,
Ušmeta,FALSE,uš-me-ta,
Ušmita,FALSE,Uš-mì-ta,
Ušnama,FALSE,Uš-na-ma,
Ušnara,FALSE,uš-na-ra,
Ušnuman,FALSE,Uš-nu-ma-an; uš-[n]u-ma-an; uš-nu-ma-an,
Ušrupia,FALSE,Uš-ru-pí-a,
Uštahšušar,FALSE,uš-ta-ah-šu-ša-ar,
Uštala,FALSE,Uš-ta-lá,
Ušuba,FALSE,ú-šu-ba,
Usubuhamazāya,FALSE,,
Usuhinum,FALSE,,
Ušuna,FALSE,,
Ušunama,FALSE,ú-šu-na,
Ušunaman,FALSE,Ú-šu-na-ma; Ú-šu-na-ma-an,
Uṣup-iškum,FALSE,Ú-zu-be-iš-ki-im; Ú-zi-bi-iš-ki-im,
Uṣur-Anum,FALSE,Ú-ṣú-ra-nim,
Uṣur-Aššur,FALSE,ú-ṣur-a-šur,
Uṣur-awat-Aššur,FALSE,Ú-ṣur-a-wa-at-A-šur,
Uṣur-Ištar,FALSE,ú-ṣur-u-dar,
Uṣur-pī-Aššur,FALSE,ú-ṣú-ur-pì-a-šur,
Uṣur-pī-ša-Aššur,FALSE,ú-ṣur-pi-ša-a-šur,
Uṣur-ša-Aššur,FALSE,Ú-ṣú-ur-ša-A-šùr; Ú-ṣur-ša-A-šur,
Uṣur-ša-Aššur; Uṣurša-ašur,FALSE,Ú-ṣur-ša-A-šur,
Uṣur-ša-Ištar,FALSE,Ú-ṣú-ur-ša-Ištar; Ú-ṣur-ša-Ištar; Ú-ṣur-ší-Ištar,
Uṣur-Wēr,FALSE,Ú-ṣur-{d}We-er,
Uṣurānu,FALSE,,
Uṣuranum,FALSE,,
Uṣurānum,FALSE,,
Uṣurawat-ašur,FALSE,ú-ṣur-a-wa-at-a-šur,
Uṣuria,FALSE,,
Uṣurpia,FALSE,Ú-zu-ur-pì-a,
Uṣurša-ašur,FALSE,ú-ṣur-ša-a-šur,
Uṣuška,FALSE,ú-ṣú-uš-kà,
Ušušnuman,FALSE,uš-uš-nu-ma-an,
Ušwana,FALSE,Uš-wa-na,
Uta-ahum,FALSE,Ú-ta-hi-im; Ú-ta-hi,
Utahi,FALSE,,
Utahum,FALSE,,
Utaki,FALSE,ú-ta-ki,
Utkaria,FALSE,ut-kà-ri-a,
Utkarišan,FALSE,,
Utkinazu,FALSE,ut-ki-na-zu,
Utniahšu,FALSE,ut-ni-ah-šu,
Utruašu,FALSE,ut-ru-wa-šu; ut-ru-a-šu,
Utruwaššu,FALSE,,
Utullī,FALSE,,
Utuni,FALSE,,
Utunuman,FALSE,ú-tù-nu-ma-an,
Ututu,FALSE,Ú-du-du,
Uwa,FALSE,Ú-wa-a,
Uwaku,FALSE,ú-wa-ku,
Uwanamea,FALSE,ú-wa-na-mì-a,
Uwašada,FALSE,Ú-wa-ša-da,
Uza,FALSE,Ú-za-a,
Uzāria,FALSE,,
Uzariya,FALSE,,
Uzāya,FALSE,,
Uzi,FALSE,Ú-zi,
Uzia,FALSE,Ú-zi-a,
Uzie,FALSE,,
Uzim,FALSE,Ú-zi-im; Ú-zi,
Uzinum,FALSE,Ú-zi-nim,
Uzu,FALSE,ú-zi-im,
Uzua,FALSE,Ú-zu-a; Ú-zu-ú-a,
Uzub-iškum,FALSE,,
Uzubiškum,FALSE,,
Uzudu,FALSE,Ú-zu-du-ú,
Uzum,FALSE,,
Uzuna,FALSE,ú-zu-na,
Uzuška,FALSE,Ú-zu-uš-kà,
Uzuwa,FALSE,,
Uzuzuman,FALSE,Ú-zu-zu-ma-an,
Wa-áb-ri-im,FALSE,,
Wa’anahšu,FALSE,wa-a-na-ah[-šu]; wa-a-na-ah-šu,
Wabara,FALSE,wa-ba-ra,
Wabarātum,FALSE,,
Wabilanni,FALSE,,
Wadabra,FALSE,Wa-da-ap-ra,
Wadduan,FALSE,wa-ad-du-an,
Wadniahšu,FALSE,Wa-at-ni-ah-šu; Wa-at-ni-a-ah-šu; ; Ut-ni-ah-šu,
Wadnistuan,FALSE,Wa-at-ni-is-du-an,
Wadu’u,FALSE,wa-du-ú,
Wahaniait,FALSE,Wa-ha-ni-a-it,
Wahšua,FALSE,Wa-ah-šu-a,
Wahšušana,FALSE,,
Waiškuwa,FALSE,wa-iš!-ku-wa,
Wakiled,FALSE,wa-ki-li-it,
Wakilid,FALSE,,
Wakli,FALSE,Wa-ak-li; Wa-ak-li-e,
Waklum,FALSE,,
Walabra,FALSE,Wa-lá-áp-ra; Wa-lá-áp-ra-a,
Walad-ilī,FALSE,Wa-al-dí-AN; wa-al-dí-lu-um; wa-al-dí-lu-um; wa-al-dí-lim; wa-al-dí-lam; wa-lá-ad-DINGIR; wa-al-dí-DINGIR; wa-al-dí-DINGIR-ma,Walad-ilim; Walad-ilum
Walahira,FALSE,wa-lá-hi-ra,
Walahšina,FALSE,Wa-lá-ah-ší-na,
Walahšu,FALSE,Wa-lá-[a]h-šu; wa-la-[a]h-šu,
Walahula,FALSE,Wa-lá-hu-lá,
Walama,FALSE,wa-lá-ma,
Walani,FALSE,Wa-lá-ni-i,
Walawala,FALSE,Wa-lá-wa-a; Wa-lá-wa-lá; wa-al-wa-lá; Wa-al-wa-<gap>,
Walaya,FALSE,,
Waldi,FALSE,wa-al-dí,
Waldi-ilum,FALSE,,
Walhašna,FALSE,Wa-al-ha-áš-na; wa-al-ha-áš-na; w[a-a]l-h[a]-áš-na; wa-al-ha-áš-n[a],
Walhiš,FALSE,Wa-al-hi-iš,
Walhišna,FALSE,wa-al-hi-iš-na; wa-al-hi-iš<-na>; w[a]-al-h]i-iš-na; Wa-al-hi-iš-na; Wa-al-ha-áš-na,
Wali,FALSE,Wa-li; Wa-ni-i,
Walia,FALSE,Wa-li-a; Ú-li-a; Wa-ni-a,
Waliasazu,FALSE,Wa-li-a-ša-zu,
Waliašazu,FALSE,wa-li-a-ša-zu; wa-[l]i-a-š[a-zu],
Waliašu,FALSE,Wa-li-a-šu,
Wališar,FALSE,wa-li-i-ša-ar,
Wališid,FALSE,Wa-li-ší-e-it,
Wališiet,FALSE,wa-li-ší-e-et,
Wališit,FALSE,wa-li-ší-it,
Wališra,FALSE,Wa-li-iš-ra,
Waliwali,FALSE,Wa-li-wa-li; Wa-ni-wa-ni; Ú-ni-ú-ni,
Waliya,FALSE,,
Walizabra,FALSE,wa-li-za-áp-ra,
Walkašu,FALSE,,
Walkati,FALSE,Wa-al-kà-tí,
Walkaya,FALSE,,
Walkiahšu,FALSE,Wa-al-ki-ah-šu,
Walku,FALSE,Wa-al-ku,
Walkua,FALSE,Wa-al-ku-a; Wa-al-ku-wa; wa-al-ku-a,
Walna,FALSE,Wa-al-na,
Waluši,FALSE,,
Walwala,FALSE,,
Walziša,FALSE,,
Wanahšu,FALSE,Wa-a-na-ah-šu,
Wani,FALSE,,
Wani’i,FALSE,wa-ni-i,
Wanialka,FALSE,wa-ni-a-al-kà,
Wanizana'um,FALSE,,
Wanuzal,FALSE,[w]a-nu-za-al,
Waqar-Aššur,FALSE,wa-qar-a-šùr,
Waqar-kēnum,FALSE,Wa-qar-ki-nim,
Waqqurtum,FALSE,Ú-qú-ur-tim,
Warad-Aššur,FALSE,ÌR-A-šùr,
Warad-bāni,FALSE,,
Warad-Enlil,FALSE,Wa-ar-dí-{d}EN.LÍL,
Warad-ilī,FALSE,IR-ì-lí,
Warad-ilīšu,FALSE,,
Warad-Ištar,FALSE,ÌR-ad-Ištar,
Warad-Kube,FALSE,IR-ad-Ku-be,
Warad-kubi,FALSE,IR-ad-Ku-bi,
Warad-kūbi,FALSE,IR-ad-ku-be,
Warad-Kūbī,FALSE,,
Warad-Kūbum,FALSE,Ú-ra-ad-; ÌR-; IR-ad-,
Warad-Nana,FALSE,ur-da-na-na,
Warad-naṣir,FALSE,,
Warad-Šamaš,FALSE,ÌR-{d}UTU,
Warad-Šerua,FALSE,ÌR-šé-ru-a,
Warad-Suen,FALSE,Ú-ra-Sú-in; IR-ad-,
Warali,FALSE,Wa-ra-lí,
Warašma,FALSE,[w]a-ar-áš-ma; wa-ar-áš-ma,
Wardanum,FALSE,,
Wardilbadi,FALSE,Wa-ar-tí-el-pá-tí,
Wardum,FALSE,Wa-ar-dim; Ur-dum; Ur-dim; IR-dum; IR,
Warhašna,FALSE,Wa-ar-ha-áš-na,
Warhila,FALSE,Wa-ar-hi-lá,
Warhunu,FALSE,wa-ar-hu-nu,
Warika,FALSE,wa-ri-kà,
Warimuša,FALSE,Wa-ri-mu-ša,
Warkadi,FALSE,wa-ar-kà-tí,
Warkali,FALSE,Wa-ar-kà-l[i,
Warkidila,FALSE,Wa-ar-ki-tí-lá,
Warkitila,FALSE,wa-ar-ki-tí-lá,
Warqāya,FALSE,SIG7-A,
Waršama,FALSE,Wa-ar-ša-ma; Wa-ar-šu-ma-a; wa-ar-š[a]-ma; wa-ar-š[a-ma],
Waršanua,FALSE,Wa-ar-ša-nu-wa-a,
Waršuma,FALSE,wa-ar-šu-ma-a; wa-ar-šu-ma,
Warwadi,FALSE,Wa-ar-wa-tí,
Warwati,FALSE,,
Wašadapra,FALSE,,
Wašatapra,FALSE,wa-ša-tap-ra,
Wašaura,FALSE,wa-ša-ú-ra,
Wašbu,FALSE,wa-áš-bu,
Wašhaniuman,FALSE,Wa-áš-ha-ni-ú-ma-an,
Wašhaniya,FALSE,,
Wašhiatu,FALSE,Wa-áš-hi-a-tù,
Wašhiliaš,FALSE,Wa-áš-hi-li-áš,
Wašhimam,FALSE,wa-áš-hi-ma-am; wa-aš-hi[-ma-am],
Wašhiman,FALSE,Wa-áš-hi-ma-an!,
Wašhuba,FALSE,Wa-áš-hu-pá; Wa-áš-hu-ú-pá; Uš-hu-pá,
Wašhupa,FALSE,wa-áš-hu-pá,
Wašhuru,FALSE,Wa-áš-hu-ru,
Wašhuwani,FALSE,Wa-áš-hu-wa-ni,
Wašiba,FALSE,wa-ší-ba,
Wašiburšu,FALSE,Wa-ší-p[u-ur-šu]; Wa-šu-pu-ur-šu,
Wašiburubani,FALSE,Wa-ší-pu-ur-pá-ni; Wa-šu-pu-ur-pá-ni; Wa-ší-ip-ru-pá-ni,
Wašinalam,FALSE,Wa-šu-na-lúm; Ú-ša-na-lu-um; -li-im; Ú-šu-na-lu-um; Ú-šu-na-lúm; Ú-ší-na-lam,
Wašiniar,FALSE,Ú-a-ší-ni; ú-a-ší-ni-ar,
Wašinuman,FALSE,Wa-ší-nu-ma-an; Ú-ší-nu-ma-an; Ú-ša-na-ma-; wa-ší-nu-ma-an; wa-ší-nu-m[a-an],
Wašipaša,FALSE,Wa-ší-pá-ša,
Wašiuman,FALSE,Wa-ší-ú-[ma-an],
Wašnani,FALSE,wa-áš-na-ni,
Wašudapra,FALSE,Wa-šu-[d]a-ap-ra,
Wašuhuruman,FALSE,Wa-šu-hu-ru-ma-an,
Wasuna,FALSE,a-sú-na; wa-sú-na,
Wašunani,FALSE,Wa-áš-na-ni; Uš-na-ni; Wa-šu-na-ni,
Watar,FALSE,Wa-da-ar,
Watniahšu,FALSE,wa-at-ni-ah-šu,
Watniaši,FALSE,,
Watniašue,FALSE,,
Watniašwe,FALSE,wa-at-ni-a-šu-ú-e; wa-at--šu-e; wa-at-ni-a-šu-e; Wa-at-ni-áš-we; wa-at-ni-áš-w[e],
Watrat,FALSE,SI.A-at,
Watrum,FALSE,SI.A-im,
Wawala,FALSE,Wa-wa-lá,
Wawali,FALSE,Wa-wa-li,
Wawanda,FALSE,Wa-wa-an-da; Wa-wa-ta,
Wawata,FALSE,Wa-wa-ta,
Waza,FALSE,Wa-za,
Wazana,FALSE,W[a]-za-na,
Wazawa,FALSE,Wa-za-wa,
Wazina,FALSE,,
Wazuna,FALSE,Wa-zu-na; Ú-zu-na,
Wazuti,FALSE,Wa-zu-tí,
Wēr-bāni,FALSE,We-er-ba-ni,Wer-bani
Wēr-rēṣī,FALSE,We-er-re-ṣí; We-re-ṣí; We-er-re-ṣú-um; -re-ṣú-ú,
Wēr-Šamšī,FALSE,{d}We-er-UTU-ši,
Werali,FALSE,,
Wiškuwa,FALSE,wi-iš-ku-wa,
Wiškuwi,FALSE,wi-iš-ku-we,
Yakbiya,FALSE,Ya-ak-bi-ya,
Yatalka,FALSE,,
Yatalkam-Adad,FALSE,I-tal-kam-{d}IM,
Yaya,FALSE,I-a-a,
Za'ubum,FALSE,Za-ú-be-im,
Zaba,FALSE,za-ba,
Zabala,FALSE,Za-pá-lá,
Zabali,FALSE,Za-pá-li,
Zabarašna,FALSE,Za-pá-ra-áš-na; za-ba-ra-áš-na,
Zabarna,FALSE,Za-pá-ar-na,
Zabezabe,FALSE,Za-be-za-be,
Zabikudi,FALSE,za-be-ku-di,
Zabil-kēn,FALSE,Za-bi4-il5-ke-en6,
Zabizabi,FALSE,,
Zabrum,FALSE,,
Zabu-qarrād,FALSE,Za-bu-UR.SAG,Za-bu-UR.SAG
Zabu-UR.SAG,FALSE,Za-bu-UR.SAG,Zabu-qarrād
Zabum,FALSE,Za-bu-um; Za-bi-im,
Zadka,FALSE,za-ad-kà,
Zagali,FALSE,ZA-ga!-al-i,
Zagalu,FALSE,za-ga-al-i,
Zaha,FALSE,Za-ha; Za-ha-a,
Zahadum,FALSE,Za-ha-tim,
Zahalwan,FALSE,Za-ha-al-wa-an,
Zahan,FALSE,za-ha-an,
Zaharudana,FALSE,Za-ha-ru-da-na,
Zahrili,FALSE,Za-ah-ri-li; Zi-ih-ri-ì-lí,
Zahu,FALSE,,
Zahua,FALSE,za-hu-a; za-hu-wa; za-hu; za-hu-ú,Zahu
Zahudašu,FALSE,Za-hu-da-šu,
Zahuwa,FALSE,Za-hu-ú; Za-hu-wa,
Zakali,FALSE,Za-ga-li,
Zakaria,FALSE,Za-kà-ri-a,
Zakri,FALSE,,
Zakrum,FALSE,Za-ak-ri-im,
Zaktāya,FALSE,Za-ak-ta-a; Za-ak-ta-a-a,
Zaktum,FALSE,Za-ak-tum; Za-ak-tim,
Zakua,FALSE,Za-gu-a,
Zakukatim,FALSE,,
Zakum,FALSE,,
Zala,FALSE,Za-lá-a,
Zalani,FALSE,Za-lá-ni,
Zalāya,FALSE,,
Zalbunu,FALSE,Za-al-pu-nu,
Zalidi,FALSE,Za-li-dí; Za-ni-dí,
Zalui,FALSE,Za-lu-e,
Zaluli,FALSE,Za-lu-li,
Zalum,FALSE,,
Zanarula,FALSE,za-na-ru-lá,
Zanatin,FALSE,Za-ni-tí-in; za-na-tí-in; za-NI-tí-in,
Zaniti,FALSE,,
Zaniwata,FALSE,,
Zapali,FALSE,za-pá-li,
Zaparašna,FALSE,za-pá-ra-áš-na,
Zaparna,FALSE,za-pá-ar-na,
Zapikuti,FALSE,,
Zapizapi,FALSE,za-be-za-be; zi-be-zi-be; za-pí-za-p[í],
Zaprim,FALSE,za-áp-ri-im,
Zapzu,FALSE,Za-áp-zu,
Zara,FALSE,Za-ra-a,
Zarāya,FALSE,,
Zarnia,FALSE,Za-ar-ni-a,
Zarnikum,FALSE,,
Zarza,FALSE,Za-ar-za,
Zarzahšu,FALSE,Za-ar-za-ah-šu,
Zashuna,FALSE,Za-az-hu-na,
Zati-<big_gap>,FALSE,za-tí-<big_gap>,
Zaubum,FALSE,,
Zawadašu,FALSE,Za-wa-da-šu,
Zāya,FALSE,Za-a-a,
Zaza,FALSE,Za-za-a,
Zazabum,FALSE,Za-za-bu-um,
Zazalum,FALSE,,
Zazatum,FALSE,Za-za-tim,
Zazāya,FALSE,Za-za-a,
Zazhuna,FALSE,Za-az-hu-na,
Zazi,FALSE,Za-zi,
Zazia,FALSE,,
Zazišna,FALSE,,
Zazu,FALSE,sà-sú-um,
Zazua,FALSE,Za-zu-a; Za-zu-ú-a,
Zazum,FALSE,Za-zu-um,
Zazuni,FALSE,za-zu-ni,
Zazuti,FALSE,Za-zu-tí,
Zerzerrum,FALSE,Zi-ir-zi-ri-im,
Zia,FALSE,Zi-a; Zi-a-a,
Ziadadu,FALSE,Zi-a-ta-du; Zi-a-du-du,
Ziadu,FALSE,Zi-a-du,
Zibali,FALSE,Zi-ba-a-li,
Zibezibe,FALSE,Zi-pì-zi-pì,
Zidani,FALSE,Zi-da-ni,
Zidi-ilī,FALSE,zi-dí-ì-lí,
Zidinini,FALSE,Zi-dí-ni-ni,
Zidu,FALSE,Zi-du-ú,
Zihua,FALSE,zi-hu-wa,
Zihum,FALSE,Zi-hi-im,
Zika,FALSE,Zi-kà-a; Zi-kà; Zi-ga-a,
Ziki,FALSE,Zi-ki,
Zikiki,FALSE,Zi-ki-ki,
Zikikibum,FALSE,Zi-ki-ki-bi-im; Zi-li-li-bi-im; Zi-la-la-bu-um,
Zikir-ilka,FALSE,Zi-ik-ri-il5-kà-ma; zi-ik-ri-il5-kà,Zikrilka
Zikum,FALSE,,
Zikur-Adad,FALSE,Zi-kur-{d}IM,
Zikur-ilī,FALSE,Zi-ku-ur-ì-lí,Zikur-ili
Zikurua,FALSE,Zi-ku-ru-a,
Zilalabum,FALSE,,
Zilamu,FALSE,Zi-lá-mu,
Zilanahšušar,FALSE,Zi-lá-na-ah-šu-šar,
Zili,FALSE,Zi-li-i; zi-li-x,
Zilika,FALSE,Zi-li-kà; Zi-li-kà-a,
Zililibum,FALSE,Zi-ki-ki-bi-im; Zi-li-li-bi-im; Zi-la-la-bu-um,
Zilu,FALSE,Zi-lu,
Zilunaum,FALSE,Zi-lu-na-um,
Zin[a...],FALSE,zi-n[a-...],
Zina,FALSE,Zi-na-a,
Zināya,FALSE,,
Zinda,FALSE,Zi-in-d[a],
Zinini,FALSE,Zi-ni-ni,
Zipizipi,FALSE,Zi-be-zi-be; Za-be-za-be; za-be-za-be; zi-be-zi-be; zi-pì-zi-pì; zi-pì-[zi-pì],
Zirabi,FALSE,Sí-ra-bi,
Ziri,FALSE,zi-ri,
Zirzirrum,FALSE,,
Zita,FALSE,zi-ta,
Zitrerah,FALSE,Zi-it!-re-re-ah-ma,
Zitwan,FALSE,Zi-it-wa-an,
Ziza,FALSE,Zi-za,
Zizāya,FALSE,Zi-za-a; Zi-za-a-a,
Zizhuzi,FALSE,Zi-iz-hu-zi,
Zizi,FALSE,Zi-i-zi,
Zizia,FALSE,Zi-zi-a,
Zizila,FALSE,Zi-zi-lá,
Ziziya,FALSE,,
Zizizi,FALSE,Zi-zi-zi; Zi-zi-zi-i,
Zizulali,FALSE,zi-zu-lá-li,
Zizum,FALSE,Zi-zi-im,
Zua,FALSE,Zu-a,
Zuanatum,FALSE,,
Zuania,FALSE,Zu-a-ni-a,
Zuaya,FALSE,,
Zuaza,FALSE,zu-a-za,
Zuba,FALSE,Zu-pá,
Zubalali,FALSE,,
Zubalida,FALSE,,
Zubana,FALSE,ṣú-pá-na,
Zubanuman,FALSE,Zu-pá-nu-ma-an,
Zubi,FALSE,Zu-pì,
Zubrika,FALSE,zu-ub-ri-kà,
Zubum,FALSE,,
Zuda,FALSE,Zu-da-a,
Zudia,FALSE,Zu-dí-a,
Zudu,FALSE,zu-du,
Zuhkana,FALSE,Zu-ùh-kà-na,
Zuhurbiala,FALSE,sú-hu-ur-pì-a-lá,
Zuhurpia,FALSE,,
Zuhuza,FALSE,Zu-hu-za; Zu-hu-za-a,
Zuita,FALSE,,
Zukanum,FALSE,Zu-kà-nim,
Zukia,FALSE,Zu-ki-a,
Zukiki,FALSE,Zu-ki-ki,
Zukili,FALSE,Zu-gi-li,
Zukua,FALSE,Zu-ku-a; Zu-ku-ú-a,
Zukuhum,FALSE,,
Zukutum,FALSE,,
Zula,FALSE,Zu-lá,
Zuli,FALSE,Zu-li; Zu-li-i,
Zulia,FALSE,Zu-li-a,
Zulua,FALSE,Zu-lu-a,
Zululāya,FALSE,Ṣú-lu-la-a,
Zuma,FALSE,Zu-ma; Zu-ú-ma; Zu-ma-a,
Zūma,FALSE,Zu-ma; Zu-ú-ma; Zu-ma-a,
Zumalia,FALSE,Zu-ma-li-a,
Zumana,FALSE,Zu-ma-na,
Zumanum,FALSE,Zu-ma-nim,
Zumaya,FALSE,,
Zumeza,FALSE,,
Zumiza,FALSE,Zu-me-za,
Zumu,FALSE,Zu-mu; Zu-mu-ú,
Zunana,FALSE,Zu-na-na,
Zunanadi,FALSE,zu-na-na-tí,
Zunani,FALSE,Zu-na-ni; Zu-na-nim; zu-na-ni,Zunānum
Zunānum,FALSE,Sú-na-nim,Zunani
Zuni,FALSE,Zu-ni; Zu-na-na-tí,
Zunia,FALSE,Zu-ni-a,
Zupa,FALSE,zu-pá,
Zupalali,FALSE,Zu-pá-lá-li,
Zupana,FALSE,,
Zupanuman,FALSE,zu-pá-nu-ma-an,
Zupanunu,FALSE,,
Zura,FALSE,Zu-ra-a; zu-ra,Zurāya
Zurāya,FALSE,Zu-ra-a,Zura
Zurban,FALSE,zu-ur-ba-an,
Zurbu,FALSE,Zu-ur-pu,
Zurdini,FALSE,,
Zuri,FALSE,Zu-ri-i,
Zurinānum,FALSE,Zu-ri-na-nim,
Zuru,FALSE,zu-ru,
Zuruba,FALSE,Zu-ru-pá; zu-ru-ba,
Zurzunia,FALSE,Zur-zu-ni-a,
Zurzur,FALSE,Zu-ur-zu-ur; Zur-zur,
Zusaya,FALSE,,
Zuška,FALSE,Zu-uš-kà,
Zuškana,FALSE,Zu-uš-kà-na,
Zušum,FALSE,,
Zuwa,FALSE,Zu-a; Zu-ú-a,
Zuwania,FALSE,Zu-a-ni-a,
Zuya,FALSE,,
Zuza,FALSE,zu-za,
Zuzala,FALSE,Zu-za-lá,
Zuzalim,FALSE,Zu-za-lim,
Zuzalina,FALSE,Zu-za-li-na,
Zuzalum,FALSE,,
Zuzanum,FALSE,Zu-za-nim,
Zuzatum,FALSE,Zu-za-tim,
Zuzaya,FALSE,,
Zuzi,FALSE,Zu-zi,
Zuzia,FALSE,Zu-zi-a,
Zuzinātum,FALSE,Zu-zi-na-tum; Zu-za-na-tim,
Zuzu,FALSE,Zu-zu; Zu-zu-ú; Zu-ú-zu,
Zuzua,FALSE,Zu-zu-a; Zu-zu-wa; Zu-zu-wa-a; Zu-zu-ú-a,
Zuzuba,FALSE,Zu-zu-pá; Zu-zu-ba,
Zuzubana,FALSE,zu-zu-ba-na,
Zuzubar,FALSE,Zu-zu-pá-ar; Zu-zu-ba-ar,
Zuzubia,FALSE,zu-zu-be-a,
Zuzuka,FALSE,Zu-zu-ga,
Zuzula,FALSE,Zu-zu-lá,
Zuzuli,FALSE,Zu-zu-li; Zu-zu-li-im; Zu-zu-li!,
Zuzulum,FALSE,,Zuzuli
Zuzupa,FALSE,zu-zu-pá,
Zuzupan,FALSE,Zu-zu-pá-an,
Zuzura,FALSE,Zu-zu-ra,
Zuzuta-ilī,FALSE,Zu-zu-ta-ì-lí,
Zuzutaili,FALSE,Zu-zu-ta-ni-ni,
Zuzuti,FALSE,Zu-zu-tí,
Zuzuwa,FALSE,zu-zu-wa,
Zuzuzānum,FALSE,Zu-zu-za-nim,